,"coremark","mibench-basicmath_tiny","mibench-bitcnts","mibench-cjpeg_small","mibench-crc_32","mibench-csusan_small","mibench-dbf","mibench-dijkstra_small","mibench-djpeg_small","mibench-drijndael","mibench-ebf","mibench-erijndael","mibench-esusan_small","mibench-fft_tiny","mibench-ifft_tiny","mibench-patricia","mibench-qsort_small","mibench-rawcaudio","mibench-rawdaudio","mibench-rsynth_tiny","mibench-search_large","mibench-search_small","mibench-sha","mibench-ssusan_small","mrtc-adpcm","mrtc-bsort100","mrtc-bs","mrtc-cnt","mrtc-compress","mrtc-cover","mrtc-crc","mrtc-duff","mrtc-edn","mrtc-expint","mrtc-fac","mrtc-fdct","mrtc-fft1","mrtc-fibcall","mrtc-fir","mrtc-insertsort","mrtc-janne_complex","mrtc-jfdctint","mrtc-lcdnum","mrtc-lms","mrtc-loop3","mrtc-ludcmp","mrtc-matmult","mrtc-minmax","mrtc-minver","mrtc-ndes","mrtc-nsichneu","mrtc-ns","mrtc-qsort-exam","mrtc-qurt","mrtc-recursion","mrtc-select","mrtc-sqrt","mrtc-statemate","mrtc-ud"
pref_sf_1024_cbb_ideal,1.00174,1.01124,1.01018,1.01403,.97596,1.01075,1.04321,.99716,1.01225,1.00233,1.04288,1.00597,1.00674,1.01214,1.01261,1.01523,1.01338,1.07313,.99998,1.00704,1.02195,1.02155,.99780,1.00224,1.00251,1.00000,1.00833,1.00033,.97501,1.00100,1.00007,1.00176,1.00244,1.00001,1.01492,1.00061,1.00523,1.01492,1.00042,1.00162,1.00336,1.00028,1.00413,1.01751,1.01492,1.01804,1.00000,1.00735,1.02994,.99557,1.00011,1.00012,1.00027,1.00952,1.00036,1.00023,1.01492,1.00490,1.01005
pref_sf_1024_cbb_mc1k_16,.52125,.83699,1.00923,.82923,.97935,.77419,.94255,.94610,.96200,.95385,.94509,.93103,.75684,.79655,.80391,.87375,.88988,1.05576,.99998,.83321,.78302,.78769,.96126,.87989,1.00214,1.00004,1.02343,.99859,.97502,1.00641,1.00006,1.01136,.99603,1.00011,1.03272,1.00027,.96126,1.03272,1.00034,1.00056,1.01604,.99886,1.01219,.76747,1.03272,.72167,1.00000,1.00158,.80382,.98048,1.00022,1.00010,1.00001,.75886,1.00295,1.00003,1.03272,1.00117,.72482
pref_sf_1024_cbb_mc1k_32,.52125,.83699,1.00923,.82923,.97935,.77419,.94255,.94610,.96200,.95385,.94509,.93103,.75684,.79655,.80391,.87375,.88988,1.05576,.99998,.83321,.78302,.78769,.96126,.87989,1.00214,1.00004,1.02343,.99859,.97502,1.00641,1.00006,1.01136,.99603,1.00011,1.03272,1.00027,.96126,1.03272,1.00034,1.00056,1.01604,.99886,1.01219,.76747,1.03272,.72167,1.00000,1.00158,.80382,.98048,1.00022,1.00010,1.00001,.75886,1.00295,1.00003,1.03272,1.00117,.72482
pref_sf_1024_cbb_mc1k_4,.52130,.83804,1.00924,.82938,.97935,.77492,.95160,.96113,1.00977,.95385,.95266,.93103,.75723,.80105,.80787,.89748,.88988,1.05576,.99998,.83356,.78302,.78769,.96126,.91698,1.00219,1.00004,1.02343,.99859,.97502,1.00641,1.00006,1.01136,.99603,1.00011,1.03272,1.00027,.96126,1.03272,1.00034,1.00056,1.01604,.99886,1.01219,.76773,1.03272,.72167,1.00000,1.00158,.80382,.98048,1.00022,1.00010,1.00001,.76765,1.00295,1.00003,1.03272,1.00117,.78521
pref_sf_1024_cbb_mc1k_64,.52125,.83699,1.00923,.82923,.97935,.77419,.94255,.94610,.96200,.95385,.94509,.93103,.75684,.79655,.80391,.87375,.88988,1.05576,.99998,.83321,.78302,.78769,.96126,.87989,1.00214,1.00004,1.02343,.99859,.97502,1.00641,1.00006,1.01136,.99603,1.00011,1.03272,1.00027,.96126,1.03272,1.00034,1.00056,1.01604,.99886,1.01219,.76747,1.03272,.72167,1.00000,1.00158,.80382,.98048,1.00022,1.00010,1.00001,.75886,1.00295,1.00003,1.03272,1.00117,.72482
pref_sf_1024_cbb_mc1k_8,.52125,.83699,1.00923,.82924,.97935,.77419,.95160,.94610,.96715,.95385,.95266,.93103,.75684,.79668,.80404,.87375,.88988,1.05576,.99998,.83321,.78302,.78769,.96126,.87989,1.00214,1.00004,1.02343,.99859,.97502,1.00641,1.00006,1.01136,.99603,1.00011,1.03272,1.00027,.96126,1.03272,1.00034,1.00056,1.01604,.99886,1.01219,.76747,1.03272,.72167,1.00000,1.00158,.80382,.98048,1.00022,1.00010,1.00001,.75886,1.00295,1.00003,1.03272,1.00117,.72482
pref_sf_1024_cbb_mc1k_ideal,.52125,.83699,1.00923,.82923,.97935,.77419,.94255,.94610,.96200,.95385,.94509,.93103,.75684,.79655,.80391,.87375,.88988,1.05576,.99998,.83321,.78302,.78769,.96126,.87989,1.00214,1.00004,1.02343,.99859,.97502,1.00641,1.00006,1.01136,.99603,1.00011,1.03272,1.00027,.96126,1.03272,1.00034,1.00056,1.01604,.99886,1.01219,.76747,1.03272,.72167,1.00000,1.00158,.80382,.98048,1.00022,1.00010,1.00001,.75886,1.00295,1.00003,1.03272,1.00117,.72482
pref_sf_1024_cbb_mc2k_16,.99351,.91573,1.00978,.97891,.98279,.85310,.95956,.91039,.97857,.92217,.95886,.92390,.86697,.86473,.86904,.86657,.87420,1.06083,.99998,.84618,.82671,.82852,.99496,.90554,1.00217,1.00004,1.02343,.99857,.97486,1.00641,1.00006,1.01136,1.00227,1.00011,1.03272,1.00028,.99906,1.03272,1.00034,1.00056,1.01604,.99885,1.01219,.86309,1.03272,.81885,1.00000,1.00158,.83105,.99584,1.00022,1.00010,1.00019,.81939,1.00295,1.00016,1.03272,1.00117,.85487
pref_sf_1024_cbb_mc2k_32,.99350,.91573,1.00978,.97891,.98279,.85310,.95956,.91039,.97838,.92217,.95886,.92390,.86697,.86473,.86904,.86657,.87420,1.06083,.99998,.84618,.82671,.82852,.99496,.90554,1.00217,1.00004,1.02343,.99857,.97486,1.00641,1.00006,1.01136,1.00227,1.00011,1.03272,1.00028,.99906,1.03272,1.00034,1.00056,1.01604,.99885,1.01219,.86309,1.03272,.81885,1.00000,1.00158,.83105,.99584,1.00022,1.00010,1.00019,.81939,1.00295,1.00016,1.03272,1.00117,.85487
pref_sf_1024_cbb_mc2k_4,.99682,.93428,1.00960,1.14598,.98422,.89362,.96908,1.01919,1.09434,.95437,.96689,.93181,.89168,.88927,.89609,.93939,.87762,1.06083,.99998,.88718,.89348,.89975,.99646,.97716,1.00222,1.00004,1.02343,.99857,.97486,1.00641,1.00006,1.01136,1.00227,1.00011,1.03272,1.00028,.99907,1.03272,1.00034,1.00056,1.01604,.99885,1.01219,.88343,1.03272,.84191,1.00000,1.00158,.86828,.99584,1.00022,1.00010,1.00013,.87236,1.00295,1.00015,1.03272,1.00117,.92609
pref_sf_1024_cbb_mc2k_64,.99350,.91573,1.00978,.97891,.98279,.85310,.95956,.91039,.97838,.92217,.95886,.92390,.86697,.86473,.86904,.86657,.87420,1.06083,.99998,.84618,.82671,.82852,.99496,.90554,1.00217,1.00004,1.02343,.99857,.97486,1.00641,1.00006,1.01136,1.00227,1.00011,1.03272,1.00028,.99906,1.03272,1.00034,1.00056,1.01604,.99885,1.01219,.86309,1.03272,.81885,1.00000,1.00158,.83105,.99584,1.00022,1.00010,1.00019,.81939,1.00295,1.00016,1.03272,1.00117,.85487
pref_sf_1024_cbb_mc2k_8,.99453,.91897,1.00976,1.12647,.98280,.85417,.96883,.95021,1.03614,.92622,.96663,.92756,.86766,.86674,.87107,.89783,.87757,1.06083,.99998,.85217,.83410,.83575,.99497,.90672,1.00217,1.00004,1.02343,.99857,.97486,1.00641,1.00006,1.01136,1.00227,1.00011,1.03272,1.00028,.99906,1.03272,1.00034,1.00056,1.01604,.99885,1.01219,.86309,1.03272,.82034,1.00000,1.00158,.83291,.99584,1.00022,1.00010,1.00019,.82007,1.00295,1.00016,1.03272,1.00117,.85487
pref_sf_1024_cbb_mc2k_ideal,.99350,.91573,1.00978,.97891,.98279,.85310,.95956,.91039,.97838,.92217,.95886,.92390,.86697,.86473,.86904,.86657,.87420,1.06083,.99998,.84618,.82671,.82852,.99496,.90554,1.00217,1.00004,1.02343,.99857,.97486,1.00641,1.00006,1.01136,1.00227,1.00011,1.03272,1.00028,.99906,1.03272,1.00034,1.00056,1.01604,.99885,1.01219,.86309,1.03272,.81885,1.00000,1.00158,.83105,.99584,1.00022,1.00010,1.00019,.81939,1.00295,1.00016,1.03272,1.00117,.85487
pref_sf_1024_cbb_mc4k_16,.99980,.94142,1.00997,1.00327,.98634,.89663,1.02368,1.12588,1.00684,.96275,1.02306,.96763,.89174,.93864,.94156,.96553,1.00956,1.06083,.99998,.94537,.93144,.92025,1.01373,.91980,1.00136,1.00004,1.02343,.99857,.97486,1.00641,1.00006,1.01136,1.00227,1.00011,1.03272,1.00028,.99152,1.03272,1.00034,1.00056,1.01604,.99885,1.01219,.92153,1.03272,.94161,1.00000,1.00158,.97091,.99584,1.00022,1.00010,1.00019,.93766,1.00295,1.00016,1.03272,1.00117,.86236
pref_sf_1024_cbb_mc4k_32,.99656,.92163,1.00979,.99466,.98631,.89293,1.02346,.99479,.98971,.93314,1.02299,.93694,.88945,.92415,.92654,.92670,.90799,1.06083,.99998,.94233,.86931,.86474,.99786,.91943,1.00136,1.00004,1.02343,.99857,.97486,1.00641,1.00006,1.01136,1.00227,1.00011,1.03272,1.00028,.99152,1.03272,1.00034,1.00056,1.01604,.99885,1.01219,.90107,1.03272,.91884,1.00000,1.00158,.91542,.99584,1.00022,1.00010,1.00019,.92679,1.00295,1.00016,1.03272,1.00117,.60285
pref_sf_1024_cbb_mc4k_4,.99693,.99703,1.00960,1.17588,.98422,.94645,1.52119,1.01919,1.09523,.95437,1.48993,.93181,.92566,.98951,.99684,.93939,.87762,1.06083,.99998,.90526,.89349,.89975,.99646,1.04049,1.00222,1.00004,1.02343,.99857,.97486,1.00641,1.00006,1.01136,1.00227,1.00011,1.03272,1.00028,1.10091,1.03272,1.00034,1.00056,1.01604,.99885,1.01219,.90059,1.03272,.92017,1.00000,1.00158,.89423,.99584,1.00022,1.00010,1.00013,.93807,1.00295,1.00015,1.03272,1.00117,.92609
pref_sf_1024_cbb_mc4k_64,.99656,.92163,1.00979,.99465,.98631,.89293,1.02346,.99479,.98969,.93314,1.02299,.93694,.88945,.92415,.92654,.92670,.90799,1.06083,.99998,.94233,.86931,.86474,.99786,.91943,1.00136,1.00004,1.02343,.99857,.97486,1.00641,1.00006,1.01136,1.00227,1.00011,1.03272,1.00028,.99152,1.03272,1.00034,1.00056,1.01604,.99885,1.01219,.90107,1.03272,.91884,1.00000,1.00158,.91542,.99584,1.00022,1.00010,1.00019,.92679,1.00295,1.00016,1.03272,1.00117,.60285
pref_sf_1024_cbb_mc4k_8,1.00338,.98124,1.00995,1.28096,.98286,.94642,1.14429,1.02789,1.10818,.96708,1.12187,.97464,.94014,.95062,.95250,.98492,.90102,1.06083,.99998,1.01153,.87741,.87293,.99550,.97487,1.00136,1.00004,1.02343,.99857,.97486,1.00641,1.00006,1.01136,1.00227,1.00011,1.03272,1.00028,1.22276,1.03272,1.00034,1.00056,1.01604,.99885,1.01219,1.08349,1.03272,.94776,1.00000,1.00158,.98512,.99584,1.00022,1.00010,1.00019,.97936,1.00295,1.00016,1.03272,1.00117,.92394
pref_sf_1024_cbb_mc4k_ideal,.99656,.92163,1.00979,.99465,.98631,.89293,1.02346,.99479,.98969,.93314,1.02299,.93694,.88945,.92415,.92654,.92670,.90799,1.06083,.99998,.94233,.86931,.86474,.99786,.91943,1.00136,1.00004,1.02343,.99857,.97486,1.00641,1.00006,1.01136,1.00227,1.00011,1.03272,1.00028,.99152,1.03272,1.00034,1.00056,1.01604,.99885,1.01219,.90107,1.03272,.91884,1.00000,1.00158,.91542,.99584,1.00022,1.00010,1.00019,.92679,1.00295,1.00016,1.03272,1.00117,.60285
pref_sf_1024_cbb_mc8k_16,1.01119,1.48655,1.01006,1.01944,.98636,1.08508,1.03608,1.12609,1.05343,.97624,1.06160,.98023,1.01336,1.64236,1.58560,1.00645,1.01013,1.06083,.99998,1.14057,.93854,.92427,1.01826,1.06082,1.00255,1.00004,1.02343,.99857,.97486,1.00641,1.00006,1.01136,1.00227,1.00011,1.03272,1.00028,1.02767,1.03272,1.00034,1.00056,1.01604,.99885,1.01219,1.03172,1.03272,3.04721,1.00000,1.00158,1.19233,.99584,1.00022,1.00010,1.00019,1.16275,1.00295,1.00016,1.03272,1.00117,1.46763
pref_sf_1024_cbb_mc8k_32,.99958,.97391,1.00990,1.00985,.98638,.75134,1.02515,.99587,1.04421,.97568,1.02514,.98006,.80771,.95163,.95637,1.04507,.90829,1.06083,.99998,.97257,1.27024,1.11046,.99876,.99326,1.00255,1.00004,1.02343,.99857,.97486,1.00641,1.00006,1.01136,1.00227,1.00011,1.03272,1.00028,1.00331,1.03272,1.00034,1.00056,1.01604,.99885,1.01219,1.01303,1.03272,1.03873,1.00000,1.00158,1.24555,.99584,1.00022,1.00010,1.00019,.91940,1.00295,1.00016,1.03272,1.00117,1.02964
pref_sf_1024_cbb_mc8k_4,.99693,.99703,1.00960,1.17588,.98422,.94645,1.52119,1.01919,1.09523,.95437,1.48993,.93181,.92566,.98951,.99684,.93939,.87762,1.06083,.99998,.90526,.89349,.89975,.99646,1.04049,1.00222,1.00004,1.02343,.99857,.97486,1.00641,1.00006,1.01136,1.00227,1.00011,1.03272,1.00028,1.10091,1.03272,1.00034,1.00056,1.01604,.99885,1.01219,.90059,1.03272,.92017,1.00000,1.00158,.89423,.99584,1.00022,1.00010,1.00013,.93807,1.00295,1.00015,1.03272,1.00117,.92609
pref_sf_1024_cbb_mc8k_64,.99425,.92093,1.00959,1.00286,.98623,.74989,1.02515,.98969,1.00505,.97565,1.02514,.98006,.80688,.93548,.93458,.96128,.53692,1.06083,.99998,.97243,.95592,.83362,.99835,.99303,1.00255,1.00004,1.02343,.99857,.97486,1.00641,1.00006,1.01136,1.00227,1.00011,1.03272,1.00028,1.00331,1.03272,1.00034,1.00056,1.01604,.99885,1.01219,.99285,1.03272,1.02133,1.00000,1.00158,1.02678,.99584,1.00022,1.00010,1.00019,.89142,1.00295,1.00016,1.03272,1.00117,1.02607
pref_sf_1024_cbb_mc8k_8,1.00327,.98704,1.00995,1.28913,.98286,.94642,1.14528,1.02789,1.10818,.96708,1.15408,.97464,.94014,.95242,.95437,.98492,.90102,1.06083,.99998,1.01285,.87741,.87293,.99550,.97487,1.00245,1.00004,1.02343,.99857,.97486,1.00641,1.00006,1.01136,1.00227,1.00011,1.03272,1.00028,1.23241,1.03272,1.00034,1.00056,1.01604,.99885,1.01219,1.08349,1.03272,.96470,1.00000,1.00158,.98512,.99584,1.00022,1.00010,1.00019,1.06471,1.00295,1.00016,1.03272,1.00117,.92394
pref_sf_1024_cbb_mc8k_ideal,.99425,.92093,1.00959,1.00286,.98623,.74989,1.02515,.98969,1.00504,.97565,1.02514,.98006,.80688,.93548,.93458,.96128,.53692,1.06083,.99998,.97243,.95592,.83362,.99835,.99303,1.00255,1.00004,1.02343,.99857,.97486,1.00641,1.00006,1.01136,1.00227,1.00011,1.03272,1.00028,1.00331,1.03272,1.00034,1.00056,1.01604,.99885,1.01219,.99285,1.03272,1.02133,1.00000,1.00158,1.02678,.99584,1.00022,1.00010,1.00019,.89142,1.00295,1.00016,1.03272,1.00117,1.02607
pref_sf_192_cbb_ideal,1.00178,1.00507,1.01018,.99932,.95291,1.00278,.98917,1.00135,.99975,1.00093,.98941,1.00405,1.00224,1.00330,1.00306,1.00618,1.00767,.99999,1.00000,.99971,1.00946,1.00956,1.00008,.99978,1.00000,1.00000,1.00833,1.00032,1.00025,1.00098,1.00007,1.00176,1.00008,1.00774,1.01492,1.00060,.99934,1.01492,1.00041,1.00149,1.00336,1.00028,1.00332,1.00237,1.01492,.99996,1.00000,1.10135,1.01323,1.00002,1.00009,1.00008,1.04744,.99805,1.00036,1.03766,1.01492,1.00438,1.00280
pref_sf_192_cbb_mc1k_16,.98653,.96679,1.00994,.92604,.97240,.99533,.98569,.99457,.98771,.98440,.98598,.98779,1.00122,.97100,.97042,.96390,.91933,.99884,.99783,.99604,.89742,.91687,.99798,.99410,1.00001,1.00000,1.00255,1.00019,1.00011,1.00064,1.00006,1.00125,1.00018,1.00800,1.00353,1.00027,.96420,1.00353,1.00033,1.00053,1.00175,1.00016,1.00120,.99587,1.00353,.95500,1.00000,1.08040,.98276,.99986,1.00002,1.00007,1.05962,.97924,.99770,1.04548,1.00353,1.00114,.96444
pref_sf_192_cbb_mc1k_32,.98653,.96679,1.00994,.92604,.97240,.99533,.98569,.99457,.98771,.98440,.98598,.98779,1.00122,.97100,.97042,.96390,.91933,.99884,.99783,.99604,.89742,.91687,.99798,.99410,1.00001,1.00000,1.00255,1.00019,1.00011,1.00064,1.00006,1.00125,1.00018,1.00800,1.00353,1.00027,.96420,1.00353,1.00033,1.00053,1.00175,1.00016,1.00120,.99587,1.00353,.95500,1.00000,1.08040,.98276,.99986,1.00002,1.00007,1.05962,.97924,.99770,1.04548,1.00353,1.00114,.96444
pref_sf_192_cbb_mc1k_4,1.00197,.97250,1.01004,.98983,.97206,.99052,.99129,1.01352,.97464,.97945,.99054,.98066,.99853,.97757,.97732,.97651,.97060,.99885,.99784,.99644,.95495,.95558,.99740,.99077,1.00006,1.00000,1.00255,1.00019,1.00011,1.00062,1.00006,1.00125,1.00018,1.01046,1.00353,1.00027,.98123,1.00353,1.00032,1.00051,1.00175,1.00016,1.00094,.99383,1.00353,.96761,1.00000,1.07432,.98801,.99987,1.00002,1.00007,1.24749,.97842,.99770,1.19371,1.00353,1.00107,.95887
pref_sf_192_cbb_mc1k_64,.98653,.96679,1.00994,.92604,.97240,.99533,.98569,.99457,.98771,.98440,.98598,.98779,1.00122,.97100,.97042,.96390,.91933,.99884,.99783,.99604,.89742,.91687,.99798,.99410,1.00001,1.00000,1.00255,1.00019,1.00011,1.00064,1.00006,1.00125,1.00018,1.00800,1.00353,1.00027,.96420,1.00353,1.00033,1.00053,1.00175,1.00016,1.00120,.99587,1.00353,.95500,1.00000,1.08040,.98276,.99986,1.00002,1.00007,1.05962,.97924,.99770,1.04548,1.00353,1.00114,.96444
pref_sf_192_cbb_mc1k_8,1.00413,.97659,1.01014,.99489,.97242,.99086,.99155,1.02984,.98796,.98447,.99115,.98332,.99904,.97872,.97850,.99295,.97180,.99884,.99783,.99650,.95804,.95880,.99801,.99271,1.00001,1.00000,1.00255,1.00019,1.00011,1.00064,1.00006,1.00125,1.00018,1.00800,1.00353,1.00027,.96514,1.00353,1.00033,1.00053,1.00175,1.00016,1.00112,.99460,1.00353,.95939,1.00000,1.16228,.98356,.99986,1.00002,1.00007,1.08439,.97862,.99770,1.95172,1.00353,1.00114,.96131
pref_sf_192_cbb_mc1k_ideal,.98653,.96679,1.00994,.92604,.97240,.99533,.98569,.99457,.98771,.98440,.98598,.98779,1.00122,.97100,.97042,.96390,.91933,.99884,.99783,.99604,.89742,.91687,.99798,.99410,1.00001,1.00000,1.00255,1.00019,1.00011,1.00064,1.00006,1.00125,1.00018,1.00800,1.00353,1.00027,.96420,1.00353,1.00033,1.00053,1.00175,1.00016,1.00120,.99587,1.00353,.95500,1.00000,1.08040,.98276,.99986,1.00002,1.00007,1.05962,.97924,.99770,1.04548,1.00353,1.00114,.96444
pref_sf_192_cbb_mc2k_16,1.00111,.97851,1.01015,1.02622,.97243,.99068,.99144,1.01735,1.00232,.98821,.99084,.99097,1.00229,.98102,.98079,.98793,.97354,.99884,.99783,.99394,.96794,.96701,.99928,.99405,1.00001,1.00000,1.00255,1.00020,1.00012,1.00064,1.00006,1.00125,1.00018,1.00800,1.00353,1.00027,.98877,1.00353,1.00033,1.00053,1.00175,1.00016,1.00120,1.00680,1.00353,.98334,1.00000,1.08040,.99165,.99982,1.00002,1.00007,1.41837,.98144,.99770,1.11484,1.00353,1.00114,.97218
pref_sf_192_cbb_mc2k_32,1.00030,.97583,1.01008,.99611,.97330,.98971,.99128,.93121,.98941,.98821,.99051,.99141,1.00173,.96629,.96779,.99030,.91024,.99884,.99783,.99270,.90894,.93829,.98792,.99393,1.00001,1.00000,1.00255,1.00020,1.00012,1.00064,1.00006,1.00125,1.00018,1.00800,1.00353,1.00027,.98734,1.00353,1.00033,1.00053,1.00175,1.00016,1.00120,.99056,1.00353,.96124,1.00000,1.08040,.99164,.99982,1.00002,1.00007,1.05128,.97727,.99770,1.04099,1.00353,1.00114,.96524
pref_sf_192_cbb_mc2k_4,1.00204,.97248,1.01004,.98983,.97206,.99052,.99134,1.01352,.97096,.97945,.99059,.98066,.99808,.97676,.97648,.97651,.97060,.99885,.99784,.99641,.95495,.95558,.99740,.99077,1.00006,1.00000,1.00255,1.00019,1.00011,1.00062,1.00006,1.00125,1.00018,1.01046,1.00353,1.00027,.98123,1.00353,1.00032,1.00051,1.00175,1.00016,1.00094,.99383,1.00353,.96761,1.00000,1.07432,.98801,.99987,1.00002,1.00007,1.24749,.97842,.99770,1.19371,1.00353,1.00107,.95887
pref_sf_192_cbb_mc2k_64,1.00030,.97583,1.01008,.99611,.97330,.98971,.99128,.93121,.98941,.98821,.99051,.99141,1.00173,.96629,.96779,.99030,.91024,.99884,.99783,.99270,.90894,.93829,.98792,.99393,1.00001,1.00000,1.00255,1.00020,1.00012,1.00064,1.00006,1.00125,1.00018,1.00800,1.00353,1.00027,.98734,1.00353,1.00033,1.00053,1.00175,1.00016,1.00120,.99056,1.00353,.96124,1.00000,1.08040,.99164,.99982,1.00002,1.00007,1.05128,.97727,.99770,1.04099,1.00353,1.00114,.96524
pref_sf_192_cbb_mc2k_8,1.00472,.97565,1.01014,.99439,.97242,.98996,.99161,1.02984,.98666,.98447,.99120,.98332,.99889,.97556,.97525,.99295,.97180,.99884,.99783,.99573,.95804,.95880,.99801,.99242,1.00001,1.00000,1.00255,1.00020,1.00011,1.00064,1.00006,1.00125,1.00018,1.00800,1.00353,1.00027,.98318,1.00353,1.00033,1.00053,1.00175,1.00016,1.00112,.99457,1.00353,.97519,1.00000,1.16228,1.01871,.99982,1.00002,1.00007,1.08439,.97690,.99770,1.95172,1.00353,1.00114,.96131
pref_sf_192_cbb_mc2k_ideal,1.00030,.97583,1.01008,.99611,.97330,.98971,.99128,.93121,.98941,.98821,.99051,.99141,1.00173,.96629,.96779,.99030,.91024,.99884,.99783,.99270,.90894,.93829,.98792,.99393,1.00001,1.00000,1.00255,1.00020,1.00012,1.00064,1.00006,1.00125,1.00018,1.00800,1.00353,1.00027,.98734,1.00353,1.00033,1.00053,1.00175,1.00016,1.00120,.99056,1.00353,.96124,1.00000,1.08040,.99164,.99982,1.00002,1.00007,1.05128,.97727,.99770,1.04099,1.00353,1.00114,.96524
pref_sf_192_cbb_mc4k_16,1.00067,.98104,1.01015,1.02627,.97243,.99480,.99345,1.01735,.99995,.98821,.99230,.99097,1.00329,1.00019,1.00068,.98793,.97354,.99884,.99783,.99369,.96794,.96701,.99928,.99409,1.00001,1.00000,1.00255,1.00020,1.00012,1.00064,1.00006,1.00125,1.00018,1.00800,1.00353,1.00027,.98629,1.00353,1.00033,1.00053,1.00175,1.00016,1.00120,1.00680,1.00353,.98329,1.00000,1.08040,.99165,.99982,1.00002,1.00007,1.41837,.98118,.99770,1.11484,1.00353,1.00114,.97218
pref_sf_192_cbb_mc4k_32,1.00185,1.00241,1.01016,1.03203,.97331,1.00255,.99352,1.00098,.99882,.98789,.99137,.99148,1.00806,.97482,.97606,1.01141,.99232,.99884,.99783,.99313,.98223,.98130,1.00003,.99835,1.00001,1.00000,1.00255,1.00020,1.00012,1.00064,1.00006,1.00125,1.00018,1.00800,1.00353,1.00027,.98837,1.00353,1.00033,1.00053,1.00175,1.00016,1.00120,.99191,1.00353,1.00043,1.00000,1.08040,.99561,.99982,1.00002,1.00007,1.05128,.98537,.99770,1.04099,1.00353,1.00114,1.00473
pref_sf_192_cbb_mc4k_4,1.00204,.97248,1.01004,.98983,.97206,.99052,.99129,1.01352,.97096,.97945,.99053,.98066,.99808,.97676,.97648,.97651,.97060,.99885,.99784,.99641,.95495,.95558,.99740,.99077,1.00006,1.00000,1.00255,1.00019,1.00011,1.00062,1.00006,1.00125,1.00018,1.01046,1.00353,1.00027,.98123,1.00353,1.00032,1.00051,1.00175,1.00016,1.00094,.99383,1.00353,.96761,1.00000,1.07432,.98801,.99987,1.00002,1.00007,1.24749,.97842,.99770,1.19371,1.00353,1.00107,.95887
pref_sf_192_cbb_mc4k_64,1.00144,.97622,1.01013,1.00694,.97331,.99479,.99354,.99993,.99451,.98788,.99162,.98990,1.00755,.94473,.94379,.96962,.99140,.99884,.99783,.99193,.99302,.99194,.99988,.99822,1.00001,1.00000,1.00255,1.00020,1.00012,1.00064,1.00006,1.00125,1.00018,1.00800,1.00353,1.00027,.98735,1.00353,1.00033,1.00053,1.00175,1.00016,1.00120,.99116,1.00353,.96075,1.00000,1.08040,.99561,.99982,1.00002,1.00007,1.05128,.98678,.99770,1.04099,1.00353,1.00114,1.00473
pref_sf_192_cbb_mc4k_8,1.00472,.97560,1.01014,.99439,.97242,.98996,.98884,1.02984,.98680,.98447,.98834,.98332,.99889,.97556,.97525,.99295,.97180,.99884,.99783,.99573,.95804,.95880,.99801,.99242,1.00001,1.00000,1.00255,1.00020,1.00011,1.00064,1.00006,1.00125,1.00018,1.00800,1.00353,1.00027,.98318,1.00353,1.00033,1.00053,1.00175,1.00016,1.00112,.99457,1.00353,.97519,1.00000,1.16228,1.01871,.99982,1.00002,1.00007,1.08439,.97690,.99770,1.95172,1.00353,1.00114,.96131
pref_sf_192_cbb_mc4k_ideal,1.00144,.97622,1.01013,1.00694,.97331,.99479,.99354,.99993,.99451,.98788,.99162,.98990,1.00755,.94473,.94379,.96962,.99140,.99884,.99783,.99193,.99302,.99194,.99988,.99822,1.00001,1.00000,1.00255,1.00020,1.00012,1.00064,1.00006,1.00125,1.00018,1.00800,1.00353,1.00027,.98735,1.00353,1.00033,1.00053,1.00175,1.00016,1.00120,.99116,1.00353,.96075,1.00000,1.08040,.99561,.99982,1.00002,1.00007,1.05128,.98678,.99770,1.04099,1.00353,1.00114,1.00473
pref_sf_192_cbb_mc8k_16,1.00067,.98104,1.01015,1.02627,.97243,.99480,.99345,1.01735,.99995,.98820,.99230,.99065,1.00329,1.00019,1.00068,.98793,.97354,.99884,.99783,.99369,.96794,.96701,.99928,.99409,1.00001,1.00000,1.00255,1.00020,1.00012,1.00064,1.00006,1.00125,1.00018,1.00800,1.00353,1.00027,.98629,1.00353,1.00033,1.00053,1.00175,1.00016,1.00120,1.00680,1.00353,.98329,1.00000,1.08040,.99165,.99982,1.00002,1.00007,1.41837,.98118,.99770,1.11484,1.00353,1.00114,.97218
pref_sf_192_cbb_mc8k_32,1.00205,1.01219,1.01016,1.03203,.97331,1.01549,.99695,1.00098,.99882,.98788,.99344,.99137,1.01554,1.02233,1.02538,1.01141,.99232,.99884,.99783,.99724,.98223,.98130,1.00003,1.00729,1.00001,1.00000,1.00255,1.00020,1.00012,1.00064,1.00006,1.00125,1.00018,1.00800,1.00353,1.00027,.98831,1.00353,1.00033,1.00053,1.00175,1.00016,1.00120,.99205,1.00353,1.06256,1.00000,1.08040,.99561,.99982,1.00002,1.00007,1.05128,.98780,.99770,1.04099,1.00353,1.00114,1.00473
pref_sf_192_cbb_mc8k_4,1.00204,.97248,1.01004,.98983,.97206,.99052,.99129,1.01352,.97096,.97945,.99053,.98066,.99808,.97676,.97648,.97651,.97060,.99885,.99784,.99641,.95495,.95558,.99740,.99077,1.00006,1.00000,1.00255,1.00019,1.00011,1.00062,1.00006,1.00125,1.00018,1.01046,1.00353,1.00027,.98123,1.00353,1.00032,1.00051,1.00175,1.00016,1.00094,.99383,1.00353,.96761,1.00000,1.07432,.98801,.99987,1.00002,1.00007,1.24749,.97842,.99770,1.19371,1.00353,1.00107,.95887
pref_sf_192_cbb_mc8k_64,1.00299,.99316,1.01016,1.01492,.97333,1.00113,.99405,1.00108,1.00041,.98788,.99382,.99145,1.01341,1.03266,1.03096,.99811,1.53042,.99884,.99783,1.01420,.99676,.99529,1.00016,1.00454,1.00001,1.00000,1.00255,1.00020,1.00012,1.00064,1.00006,1.00125,1.00018,1.00800,1.00353,1.00027,.99855,1.00353,1.00033,1.00053,1.00175,1.00016,1.00120,1.00487,1.00353,1.01001,1.00000,1.08040,1.13524,.99982,1.00002,1.00007,1.05128,.99518,.99770,1.04099,1.00353,1.00114,1.00475
pref_sf_192_cbb_mc8k_8,1.00472,.97560,1.01014,.99439,.97242,.98996,.98884,1.02984,.98680,.98447,.98834,.98332,.99889,.97556,.97525,.99295,.97180,.99884,.99783,.99573,.95804,.95880,.99801,.99242,1.00001,1.00000,1.00255,1.00020,1.00011,1.00064,1.00006,1.00125,1.00018,1.00800,1.00353,1.00027,.98318,1.00353,1.00033,1.00053,1.00175,1.00016,1.00112,.99457,1.00353,.97519,1.00000,1.16228,1.01871,.99982,1.00002,1.00007,1.08439,.97690,.99770,1.95172,1.00353,1.00114,.96131
pref_sf_192_cbb_mc8k_ideal,1.00146,.98629,1.01000,1.00912,.97331,1.00084,.99402,1.00103,.99999,.98788,.99380,.99145,1.01306,.98961,.98931,.99866,1.00433,.99884,.99783,.99728,1.00753,1.00634,1.00013,.99067,1.00001,1.00000,1.00255,1.00020,1.00012,1.00064,1.00006,1.00125,1.00018,1.00800,1.00353,1.00027,.99855,1.00353,1.00033,1.00053,1.00175,1.00016,1.00120,.99913,1.00353,1.00197,1.00000,1.08040,1.00923,.99982,1.00002,1.00007,1.05128,.99558,.99770,1.04099,1.00353,1.00114,1.00475
pref_sf_256_cbb_ideal,1.00325,1.00365,1.01018,.99509,.95282,1.00496,.95528,.98260,1.00180,1.00097,.95587,1.00415,1.00352,1.00476,1.00497,1.00700,1.00920,1.00000,1.00000,1.00051,1.00578,1.00648,1.00007,.99795,1.00144,1.00000,1.00833,1.00032,1.00025,1.00066,1.00007,1.00176,1.00001,1.00906,1.01492,1.00060,1.00293,1.01492,1.00041,1.00151,1.00336,1.00028,1.00332,1.00672,1.01492,1.01047,1.00000,1.09655,1.02108,1.00002,1.00010,1.00012,1.07496,1.00112,1.00036,1.03955,1.01492,1.00462,1.00695
pref_sf_256_cbb_mc1k_16,.96376,.95973,1.01006,.94695,.97171,.99298,.97205,.98118,.98728,.97528,.97372,.96352,.99871,.97082,.97118,.94336,.91406,1.00000,1.00000,.99637,.95783,.95898,.99791,.99309,1.00144,1.00000,.98214,1.00019,1.00012,1.00051,1.00006,.99125,1.00001,1.00963,.97526,1.00027,.96925,.97526,1.00033,1.00054,.98769,1.00016,1.00120,.98760,.97526,.96385,1.00000,1.10785,.98180,.99986,1.00003,1.00010,1.08981,.97195,.99770,1.03455,.97526,1.00123,.95400
pref_sf_256_cbb_mc1k_32,.96376,.95973,1.01006,.94695,.97171,.99298,.97205,.98118,.98728,.97528,.97372,.96352,.99871,.97082,.97118,.94336,.91406,1.00000,1.00000,.99637,.95783,.95898,.99791,.99309,1.00144,1.00000,.98214,1.00019,1.00012,1.00051,1.00006,.99125,1.00001,1.00963,.97526,1.00027,.96925,.97526,1.00033,1.00054,.98769,1.00016,1.00120,.98760,.97526,.96385,1.00000,1.10785,.98180,.99986,1.00003,1.00010,1.08981,.97195,.99770,1.03455,.97526,1.00123,.95400
pref_sf_256_cbb_mc1k_4,.98981,.95788,1.01000,.99168,.97108,.99377,.98131,1.00375,1.02598,.97051,.98139,.96552,.99890,.97097,.97152,.94352,.95818,.99999,.99999,.99643,.95584,.95548,.99797,.99156,1.00149,1.00000,.98214,1.00019,1.00012,1.00051,1.00006,.99125,1.00001,1.01209,.97526,1.00027,.96850,.97526,1.00032,1.00054,.98769,1.00016,1.00094,.98317,.97526,.96118,1.00000,1.09929,.97837,.99986,1.00003,1.00010,1.57157,.97242,.99770,1.14624,.97526,1.00123,.95542
pref_sf_256_cbb_mc1k_64,.96376,.95973,1.01006,.94695,.97171,.99298,.97205,.98118,.98728,.97528,.97372,.96352,.99871,.97082,.97118,.94336,.91406,1.00000,1.00000,.99637,.95783,.95898,.99791,.99309,1.00144,1.00000,.98214,1.00019,1.00012,1.00051,1.00006,.99125,1.00001,1.00963,.97526,1.00027,.96925,.97526,1.00033,1.00054,.98769,1.00016,1.00120,.98760,.97526,.96385,1.00000,1.10785,.98180,.99986,1.00003,1.00010,1.08981,.97195,.99770,1.03455,.97526,1.00123,.95400
pref_sf_256_cbb_mc1k_8,.98760,.95948,1.01010,1.01123,.97175,.99313,.98167,1.03444,.99102,.97548,.98186,.96372,.99879,.97109,.97157,.95940,.96103,1.00000,1.00000,.99641,.95779,.95788,.99795,.99312,1.00144,1.00000,.98214,1.00019,1.00012,1.00051,1.00006,.99125,1.00001,1.00963,.97526,1.00027,.96925,.97526,1.00033,1.00054,.98769,1.00016,1.00112,.98821,.97526,.96385,1.00000,1.10785,.98180,.99986,1.00003,1.00010,1.11531,.97195,.99770,1.93131,.97526,1.00123,.95400
pref_sf_256_cbb_mc1k_ideal,.96376,.95973,1.01006,.94695,.97171,.99298,.97205,.98118,.98728,.97528,.97372,.96352,.99871,.97082,.97118,.94336,.91406,1.00000,1.00000,.99637,.95783,.95898,.99791,.99309,1.00144,1.00000,.98214,1.00019,1.00012,1.00051,1.00006,.99125,1.00001,1.00963,.97526,1.00027,.96925,.97526,1.00033,1.00054,.98769,1.00016,1.00120,.98760,.97526,.96385,1.00000,1.10785,.98180,.99986,1.00003,1.00010,1.08981,.97195,.99770,1.03455,.97526,1.00123,.95400
pref_sf_256_cbb_mc2k_16,1.00160,.94962,1.01012,1.02049,.97178,.98935,.98079,.98674,1.02720,.97464,.98113,.98027,.99675,.94353,.94343,.97607,.96362,1.00000,1.00000,.98797,.96115,.96560,.99921,.99377,1.00145,1.00000,.98214,1.00020,1.00012,1.00051,1.00006,.99125,1.00001,1.00963,.97526,1.00027,.98526,.97526,1.00033,1.00054,.98769,1.00016,1.00120,.98839,.97526,.93243,1.00000,1.10785,.99329,.99982,1.00003,1.00010,1.47350,.92845,.99770,1.12328,.97526,1.00123,.96302
pref_sf_256_cbb_mc2k_32,1.00074,.94890,1.01010,.97478,.97323,.98831,.98002,.98160,.98671,.97863,.98040,.97961,.99608,.93632,.93602,.97283,.93419,1.00000,1.00000,.98734,.97022,.97482,.98801,.99381,1.00145,1.00000,.98214,1.00020,1.00012,1.00051,1.00006,.99125,1.00001,1.00963,.97526,1.00027,.98526,.97526,1.00033,1.00054,.98769,1.00016,1.00120,.98802,.97526,.93243,1.00000,1.10785,.99329,.99982,1.00003,1.00010,1.07975,.92845,.99770,1.04887,.97526,1.00123,.96302
pref_sf_256_cbb_mc2k_4,.98739,.95781,1.01000,.99168,.97108,.99366,.98132,1.00375,1.03042,.97051,.98141,.96552,.99854,.96995,.97050,.94352,.95818,.99999,.99999,.99616,.95584,.95548,.99797,.99156,1.00149,1.00000,.98214,1.00019,1.00012,1.00051,1.00006,.99125,1.00001,1.01209,.97526,1.00027,.96850,.97526,1.00032,1.00054,.98769,1.00016,1.00094,.98317,.97526,.96118,1.00000,1.09929,.97837,.99986,1.00003,1.00010,1.57157,.97242,.99770,1.14624,.97526,1.00123,.95542
pref_sf_256_cbb_mc2k_64,1.00074,.94890,1.01010,.97478,.97323,.98831,.98002,.98160,.98671,.97863,.98040,.97961,.99608,.93632,.93602,.97283,.93419,1.00000,1.00000,.98734,.97022,.97482,.98801,.99381,1.00145,1.00000,.98214,1.00020,1.00012,1.00051,1.00006,.99125,1.00001,1.00963,.97526,1.00027,.98526,.97526,1.00033,1.00054,.98769,1.00016,1.00120,.98802,.97526,.93243,1.00000,1.10785,.99329,.99982,1.00003,1.00010,1.07975,.92845,.99770,1.04887,.97526,1.00123,.96302
pref_sf_256_cbb_mc2k_8,.98624,.95761,1.01010,1.01852,.97175,.99287,.98168,1.03583,.99114,.97476,.98188,.97475,.99859,.96708,.96752,.95940,.96181,1.00000,1.00000,.99521,.95779,.95788,.99795,.99294,1.00145,1.00000,.98214,1.00020,1.00012,1.00051,1.00006,.99125,1.00001,1.00963,.97526,1.00027,.97175,.97526,1.00033,1.00054,.98769,1.00016,1.00112,.98815,.97526,.97729,1.00000,1.10785,1.02192,.99982,1.00003,1.00010,1.11531,.96937,.99770,1.96324,.97526,1.00123,.96302
pref_sf_256_cbb_mc2k_ideal,1.00074,.94890,1.01010,.97478,.97323,.98831,.98002,.98160,.98671,.97863,.98040,.97961,.99608,.93632,.93602,.97283,.93419,1.00000,1.00000,.98734,.97022,.97482,.98801,.99381,1.00145,1.00000,.98214,1.00020,1.00012,1.00051,1.00006,.99125,1.00001,1.00963,.97526,1.00027,.98526,.97526,1.00033,1.00054,.98769,1.00016,1.00120,.98802,.97526,.93243,1.00000,1.10785,.99329,.99982,1.00003,1.00010,1.07975,.92845,.99770,1.04887,.97526,1.00123,.96302
pref_sf_256_cbb_mc4k_16,1.00286,.96992,1.01012,1.02120,.97178,.99319,.97402,.98676,1.02918,.97464,.97391,.98027,1.00106,1.00435,1.00603,.97607,.96363,1.00000,1.00000,.99627,.96115,.96568,.99922,.99385,1.00145,1.00000,.98214,1.00020,1.00012,1.00051,1.00006,.99125,1.00001,1.00963,.97526,1.00027,.98600,.97526,1.00033,1.00054,.98769,1.00016,1.00120,.98927,.97526,.99850,1.00000,1.10785,1.04273,.99982,1.00003,1.00010,1.47350,.97988,.99770,1.12328,.97526,1.00123,.95850
pref_sf_256_cbb_mc4k_32,1.00217,.95165,1.01014,.99925,.97324,.99738,.97326,.98614,1.00358,.97810,.95200,.97957,1.00281,.94426,.94472,.99962,.97970,1.00000,1.00000,.99856,.97661,.97930,.99991,.99746,1.00145,1.00000,.98214,1.00020,1.00012,1.00051,1.00006,.99125,1.00001,1.00963,.97526,1.00027,.97668,.97526,1.00033,1.00054,.98769,1.00016,1.00120,.98973,.97526,.96223,1.00000,1.10785,1.00003,.99982,1.00003,1.00010,1.07975,.98791,.99770,1.04887,.97526,1.00123,1.00381
pref_sf_256_cbb_mc4k_4,.98739,.95781,1.01000,.99168,.97108,.99366,1.29024,1.00375,1.03042,.97051,1.28594,.96552,.99854,.96995,.97050,.94352,.95818,.99999,.99999,.99616,.95584,.95548,.99797,.99156,1.00149,1.00000,.98214,1.00019,1.00012,1.00051,1.00006,.99125,1.00001,1.01209,.97526,1.00027,.96850,.97526,1.00032,1.00054,.98769,1.00016,1.00094,.98317,.97526,.96118,1.00000,1.09929,.97837,.99986,1.00003,1.00010,1.57157,.97242,.99770,1.14624,.97526,1.00123,.95542
pref_sf_256_cbb_mc4k_64,1.00117,.94663,1.01013,.98851,.97323,.99730,.97317,.98583,.99477,.97807,.95199,.97748,1.00277,.94318,.94438,.98192,.97883,1.00000,1.00000,.99586,.98336,.98416,.99973,.99730,1.00145,1.00000,.98214,1.00020,1.00012,1.00051,1.00006,.99125,1.00001,1.00963,.97526,1.00027,.97668,.97526,1.00033,1.00054,.98769,1.00016,1.00120,.98972,.97526,.96223,1.00000,1.10785,1.00003,.99982,1.00003,1.00010,1.07975,.98791,.99770,1.04887,.97526,1.00123,1.00381
pref_sf_256_cbb_mc4k_8,.98624,.95752,1.01010,1.01852,.97175,.99285,.97013,1.03583,.99083,.97476,.97054,.97475,.99859,.96708,.96752,.95940,.96181,1.00000,1.00000,.99520,.95779,.95788,.99795,.99294,1.00145,1.00000,.98214,1.00020,1.00012,1.00051,1.00006,.99125,1.00001,1.00963,.97526,1.00027,.97175,.97526,1.00033,1.00054,.98769,1.00016,1.00112,.98815,.97526,.97729,1.00000,1.10785,1.02192,.99982,1.00003,1.00010,1.11531,.96937,.99770,1.96324,.97526,1.00123,.96302
pref_sf_256_cbb_mc4k_ideal,1.00117,.94663,1.01013,.98851,.97323,.99730,.97317,.98583,.99477,.97807,.95199,.97748,1.00277,.94318,.94438,.98192,.97883,1.00000,1.00000,.99586,.98336,.98416,.99973,.99730,1.00145,1.00000,.98214,1.00020,1.00012,1.00051,1.00006,.99125,1.00001,1.00963,.97526,1.00027,.97668,.97526,1.00033,1.00054,.98769,1.00016,1.00120,.98972,.97526,.96223,1.00000,1.10785,1.00003,.99982,1.00003,1.00010,1.07975,.98791,.99770,1.04887,.97526,1.00123,1.00381
pref_sf_256_cbb_mc8k_16,1.00286,.96992,1.01012,1.02120,.97178,.99319,.97402,.98676,1.02918,.97463,.97391,.97958,1.00106,1.00435,1.00603,.97607,.96363,1.00000,1.00000,.99627,.96115,.96568,.99922,.99385,1.00145,1.00000,.98214,1.00020,1.00012,1.00051,1.00006,.99125,1.00001,1.00963,.97526,1.00027,.98600,.97526,1.00033,1.00054,.98769,1.00016,1.00120,.98927,.97526,.99850,1.00000,1.10785,1.04273,.99982,1.00003,1.00010,1.47350,.97988,.99770,1.12328,.97526,1.00123,.95850
pref_sf_256_cbb_mc8k_32,1.00255,.98679,1.01014,.99932,.97324,.99951,.97358,.98614,1.00370,.97787,.97366,.97952,1.06785,1.00696,1.00672,.99962,.97971,1.00000,1.00000,1.00000,.97661,.97930,.99991,1.00161,1.00145,1.00000,.98214,1.00020,1.00012,1.00051,1.00006,.99125,1.00001,1.00963,.97526,1.00027,1.14178,.97526,1.00033,1.00054,.98769,1.00016,1.00120,.99063,.97526,1.03906,1.00000,1.10785,1.26070,.99982,1.00003,1.00010,1.07975,1.08380,.99770,1.04887,.97526,1.00123,1.00381
pref_sf_256_cbb_mc8k_4,.98739,.95781,1.01000,.99168,.97108,.99366,1.29024,1.00375,1.03042,.97051,1.28594,.96552,.99854,.96995,.97050,.94352,.95818,.99999,.99999,.99616,.95584,.95548,.99797,.99156,1.00149,1.00000,.98214,1.00019,1.00012,1.00051,1.00006,.99125,1.00001,1.01209,.97526,1.00027,.96850,.97526,1.00032,1.00054,.98769,1.00016,1.00094,.98317,.97526,.96118,1.00000,1.09929,.97837,.99986,1.00003,1.00010,1.57157,.97242,.99770,1.14624,.97526,1.00123,.95542
pref_sf_256_cbb_mc8k_64,1.00216,.96910,1.01015,.99688,.97328,.95725,.97342,.98872,1.00141,.97808,.97365,.97945,1.00260,.96982,.97259,.99163,1.00537,1.00000,1.00000,.99551,.99213,.98997,1.00007,.99561,1.00145,1.00000,.98214,1.00020,1.00012,1.00051,1.00006,.99125,1.00001,1.00963,.97526,1.00027,1.00242,.97526,1.00033,1.00054,.98769,1.00016,1.00120,1.00201,.97526,1.02288,1.00000,1.10785,1.01854,.99982,1.00003,1.00010,1.07975,1.00094,.99770,1.04887,.97526,1.00123,1.00383
pref_sf_256_cbb_mc8k_8,.98624,.95752,1.01010,1.01852,.97175,.99285,.97013,1.03583,.99083,.97476,.97054,.97475,.99859,.96708,.96752,.95940,.96181,1.00000,1.00000,.99520,.95779,.95788,.99795,.99294,1.00145,1.00000,.98214,1.00020,1.00012,1.00051,1.00006,.99125,1.00001,1.00963,.97526,1.00027,.97175,.97526,1.00033,1.00054,.98769,1.00016,1.00112,.98815,.97526,.97729,1.00000,1.10785,1.02192,.99982,1.00003,1.00010,1.11531,.96937,.99770,1.96324,.97526,1.00123,.96302
pref_sf_256_cbb_mc8k_ideal,1.00230,.96850,1.00972,.99368,.97325,.95702,.97342,.98632,1.00099,.97808,.97365,.97945,1.00249,.96586,.96849,.99432,1.00520,1.00000,1.00000,.99548,.99410,.99413,1.00002,.99560,1.00145,1.00000,.98214,1.00020,1.00012,1.00051,1.00006,.99125,1.00001,1.00963,.97526,1.00027,1.00242,.97526,1.00033,1.00054,.98769,1.00016,1.00120,1.00201,.97526,1.02288,1.00000,1.10785,1.01854,.99982,1.00003,1.00010,1.07975,1.00094,.99770,1.04887,.97526,1.00123,1.00383
pref_sf_320_cbb_ideal,1.00396,1.00466,1.01018,1.00380,.97580,1.00372,.96553,.98174,1.00136,1.00272,.96605,1.00507,1.00241,1.00408,1.00438,1.00807,1.01677,1.00000,1.00000,1.00105,1.00992,1.01060,.99992,.99779,1.00144,1.00000,1.00833,1.00032,.98792,1.00066,1.00007,1.00176,.99505,1.00001,1.01492,1.00060,1.00101,1.01492,1.00042,1.00162,1.00336,1.00028,1.00332,1.00667,1.01492,1.01092,1.00000,1.07432,1.02032,1.00003,1.00010,1.00012,1.07057,.99984,1.00036,1.05320,1.01492,1.00467,1.01841
pref_sf_320_cbb_mc2k_16,1.00281,.89485,1.01011,1.05164,.98467,.94636,.98528,.97646,1.02625,.96537,.98571,.96853,.96061,.91268,.91240,.97269,.96272,1.00000,1.00000,.96756,.98061,.98758,.99927,.94658,1.00145,1.00004,1.00260,1.00020,.99229,1.00461,1.00110,1.00126,.99540,1.00011,1.00363,1.00027,.93863,1.00363,1.00034,1.00056,1.00178,1.00016,1.00119,.98472,1.00363,.91166,1.00000,1.06360,.97198,1.00022,1.00003,1.00010,1.46508,.93128,1.00295,1.13781,1.00363,1.01084,.96337
pref_sf_320_cbb_mc2k_32,1.00184,.89382,1.01004,1.00329,.97208,.94628,.98516,.97424,.98489,.96532,.98555,.96529,.96056,.90627,.90584,.97054,.92891,1.00000,1.00000,.96755,.98040,.98781,.99924,.94656,1.00145,1.00004,1.00260,1.00020,.99229,1.00461,1.00110,1.00126,.99540,1.00011,1.00363,1.00027,.93863,1.00363,1.00034,1.00056,1.00178,1.00016,1.00119,.98472,1.00363,.91166,1.00000,1.06360,.97198,1.00022,1.00003,1.00010,1.07358,.93128,1.00295,1.06244,1.00363,1.01084,.96337
pref_sf_320_cbb_mc2k_4,1.04126,.93951,1.00994,1.04577,.98419,.97868,.98614,.99244,.99165,.96579,.98513,.95475,.97942,.94085,.94132,.97099,.95684,1.00000,1.00000,.98131,.96607,.96787,.99763,.97687,1.00150,1.00004,1.00260,1.00019,.99234,1.00461,1.00110,1.00126,.99540,1.00011,1.00363,1.00027,.93648,1.00363,1.00034,1.00056,1.00178,1.00016,1.00093,.98018,1.00363,.92616,1.00000,1.05874,.96156,1.00022,1.00003,1.00010,1.64048,.95452,1.00295,1.16743,1.00363,1.01084,.94713
pref_sf_320_cbb_mc2k_8,1.01199,.91328,1.01007,1.04776,.98463,.97820,.98646,1.00977,.99013,.99934,.98619,.95725,.98114,.93169,.93181,.99368,1.01650,1.00000,1.00000,.97789,1.04374,1.04695,.99923,.98051,1.00145,1.00004,1.00260,1.00020,.99229,1.00461,1.00110,1.00126,.99540,1.00011,1.00363,1.00027,.94313,1.00363,1.00034,1.00056,1.00178,1.00016,1.00111,.98496,1.00363,.94400,1.00000,1.06360,.97742,1.00022,1.00003,1.00010,1.11888,.95536,1.00295,2.10525,1.00363,1.01084,.95181
pref_sf_320_cbb_mc2k_ideal,1.00184,.89382,1.01004,1.00329,.97208,.94628,.98516,.97424,.98489,.96532,.98555,.96529,.96056,.90627,.90584,.97054,.92891,1.00000,1.00000,.96755,.98040,.98781,.99924,.94656,1.00145,1.00004,1.00260,1.00020,.99229,1.00461,1.00110,1.00126,.99540,1.00011,1.00363,1.00027,.93863,1.00363,1.00034,1.00056,1.00178,1.00016,1.00119,.98472,1.00363,.91166,1.00000,1.06360,.97198,1.00022,1.00003,1.00010,1.07358,.93128,1.00295,1.06244,1.00363,1.01084,.96337
pref_sf_320_cbb_mc4k_16,1.00727,.98138,1.01015,1.04617,.99922,1.00112,.97925,.97741,1.03099,.97809,.97944,.97459,.99560,.95934,.96092,.97270,.97191,1.00000,1.00000,.99116,.98061,.98765,1.01129,1.00724,1.00145,1.00004,1.00260,1.00020,.99229,1.00461,1.00110,1.00126,.99540,1.00011,1.00363,1.00027,.96025,1.00363,1.00034,1.00056,1.00178,1.00016,1.00119,.98924,1.00363,.95339,1.00000,1.06360,.97894,1.00022,1.00003,1.00010,1.46508,1.00664,1.00295,1.13781,1.00363,1.01084,.95140
pref_sf_320_cbb_mc4k_32,1.00347,.90310,1.01015,1.00268,.98645,.98329,.97940,.98509,1.00109,.97728,.97827,.97086,.98601,.87557,.87579,1.02000,.98893,1.00000,1.00000,.91806,.98886,.99042,.99976,.99045,1.00145,1.00004,1.00260,1.00020,.99229,1.00461,1.00110,1.00126,.99540,1.00011,1.00363,1.00027,.96607,1.00363,1.00034,1.00056,1.00178,1.00016,1.00119,.98406,1.00363,.90950,1.00000,1.06360,.98286,1.00022,1.00003,1.00010,1.07358,.83054,1.00295,1.06244,1.00363,1.01084,1.01990
pref_sf_320_cbb_mc4k_4,1.04126,.93951,1.00994,1.04577,.98419,.97868,1.29871,.99244,.99165,.96579,1.29237,.95475,.97942,.94085,.94132,.97099,.95684,1.00000,1.00000,.98131,.96607,.96787,.99763,.97687,1.00150,1.00004,1.00260,1.00019,.99234,1.00461,1.00110,1.00126,.99540,1.00011,1.00363,1.00027,.93648,1.00363,1.00034,1.00056,1.00178,1.00016,1.00093,.98018,1.00363,.92616,1.00000,1.05874,.96156,1.00022,1.00003,1.00010,1.64048,.95452,1.00295,1.16743,1.00363,1.01084,.94713
pref_sf_320_cbb_mc4k_64,1.00224,.89630,1.01014,.99205,.98645,.98327,.97929,.98497,.99365,.97725,.97827,.97086,.98600,.87538,.87552,.98179,.98892,1.00000,1.00000,.91804,.99245,.99432,.99975,.99045,1.00145,1.00004,1.00260,1.00020,.99229,1.00461,1.00110,1.00126,.99540,1.00011,1.00363,1.00027,.96607,1.00363,1.00034,1.00056,1.00178,1.00016,1.00119,.98406,1.00363,.90950,1.00000,1.06360,.98286,1.00022,1.00003,1.00010,1.07358,.83054,1.00295,1.06244,1.00363,1.01084,1.01990
pref_sf_320_cbb_mc4k_8,1.01199,.94759,1.01007,1.04776,.98463,.97727,.97639,1.00977,.99087,.99934,.97617,.95725,.98114,.94243,.94286,.99368,1.01650,1.00000,1.00000,.97897,1.04374,1.04695,.99923,.98051,1.00145,1.00004,1.00260,1.00020,.99229,1.00461,1.00110,1.00126,.99540,1.00011,1.00363,1.00027,.94313,1.00363,1.00034,1.00056,1.00178,1.00016,1.00111,.98491,1.00363,.94400,1.00000,1.06360,.97742,1.00022,1.00003,1.00010,1.11888,.95536,1.00295,2.10525,1.00363,1.01084,.95181
pref_sf_320_cbb_mc4k_ideal,1.00224,.89630,1.01014,.99205,.98645,.98327,.97929,.98497,.99365,.97725,.97827,.97086,.98600,.87538,.87552,.98179,.98892,1.00000,1.00000,.91804,.99245,.99432,.99975,.99045,1.00145,1.00004,1.00260,1.00020,.99229,1.00461,1.00110,1.00126,.99540,1.00011,1.00363,1.00027,.96607,1.00363,1.00034,1.00056,1.00178,1.00016,1.00119,.98406,1.00363,.90950,1.00000,1.06360,.98286,1.00022,1.00003,1.00010,1.07358,.83054,1.00295,1.06244,1.00363,1.01084,1.01990
pref_sf_320_cbb_mc8k_16,1.00727,.98138,1.01015,1.04617,.99922,1.00112,.97925,.97741,1.03099,.97822,.97944,.97372,.99560,.95934,.96092,.97270,.97191,1.00000,1.00000,.99117,.98061,.98765,1.01129,1.00724,1.00145,1.00004,1.00260,1.00020,.99229,1.00461,1.00110,1.00126,.99540,1.00011,1.00363,1.00027,.96025,1.00363,1.00034,1.00056,1.00178,1.00016,1.00119,.98924,1.00363,.95339,1.00000,1.06360,.97894,1.00022,1.00003,1.00010,1.46508,1.00664,1.00295,1.13781,1.00363,1.01084,.95140
pref_sf_320_cbb_mc8k_32,1.00404,.98420,1.01015,1.00650,.98646,.99403,.98465,.98512,1.01895,.97705,.98893,.97079,.99759,1.00091,.99715,1.02000,.98892,1.00000,1.00000,.99395,.98886,.99062,1.00324,.99492,1.00145,1.00004,1.00260,1.00020,.99229,1.00461,1.00110,1.00126,.99540,1.00011,1.00363,1.00027,1.14397,1.00363,1.00034,1.00056,1.00178,1.00016,1.00119,.98477,1.00363,1.15412,1.00000,1.06360,1.13054,1.00022,1.00003,1.00010,1.07358,1.07077,1.00295,1.06244,1.00363,1.01084,1.02362
pref_sf_320_cbb_mc8k_4,1.04126,.93951,1.00994,1.04577,.98419,.97868,1.29871,.99244,.99165,.96579,1.29237,.95475,.97942,.94085,.94132,.97099,.95684,1.00000,1.00000,.98131,.96607,.96787,.99763,.97687,1.00150,1.00004,1.00260,1.00019,.99234,1.00461,1.00110,1.00126,.99540,1.00011,1.00363,1.00027,.93648,1.00363,1.00034,1.00056,1.00178,1.00016,1.00093,.98018,1.00363,.92616,1.00000,1.05874,.96156,1.00022,1.00003,1.00010,1.64048,.95452,1.00295,1.16743,1.00363,1.01084,.94713
pref_sf_320_cbb_mc8k_64,1.00634,.96595,1.01016,.99447,.98647,.93709,.97947,.98825,1.00001,.97727,.97972,.97079,.97128,.93656,.94241,.98997,1.00976,1.00000,1.00000,.98340,1.28414,1.23151,.99988,.99496,1.00145,1.00004,1.00260,1.00020,.99229,1.00461,1.00110,1.00126,.99540,1.00011,1.00363,1.00027,.99902,1.00363,1.00034,1.00056,1.00178,1.00016,1.00119,1.00345,1.00363,1.00925,1.00000,1.06360,1.00949,1.00022,1.00003,1.00010,1.07358,.98951,1.00295,1.06244,1.00363,1.01084,1.01998
pref_sf_320_cbb_mc8k_8,1.01199,.94759,1.01007,1.04776,.98463,.97727,.97639,1.00977,.99087,.99934,.97617,.95725,.98114,.94243,.94286,.99368,1.01650,1.00000,1.00000,.97897,1.04374,1.04695,.99923,.98051,1.00145,1.00004,1.00260,1.00020,.99229,1.00461,1.00110,1.00126,.99540,1.00011,1.00363,1.00027,.94313,1.00363,1.00034,1.00056,1.00178,1.00016,1.00111,.98491,1.00363,.94400,1.00000,1.06360,.97742,1.00022,1.00003,1.00010,1.11888,.95536,1.00295,2.10525,1.00363,1.01084,.95181
pref_sf_320_cbb_mc8k_ideal,1.00372,.96030,1.00981,.99409,.98646,.93711,.97947,.98559,.99991,.97727,.97972,.97079,.97130,.93533,.94120,.99396,1.00953,1.00000,1.00000,.98340,1.00623,.99933,.99988,.99495,1.00145,1.00004,1.00260,1.00020,.99229,1.00461,1.00110,1.00126,.99540,1.00011,1.00363,1.00027,.99902,1.00363,1.00034,1.00056,1.00178,1.00016,1.00119,1.00345,1.00363,1.00925,1.00000,1.06360,1.00949,1.00022,1.00003,1.00010,1.07358,.98951,1.00295,1.06244,1.00363,1.01084,1.01998
pref_sf_32_cbb_ideal,1.00000,1.00000,1.00000,1.00000,1.00000,1.00000,1.00000,1.00000,1.00000,1.00000,1.00000,1.00000,1.00000,1.00000,1.00000,1.00000,1.00000,1.00000,1.00000,1.00000,1.00000,1.00000,1.00000,1.00000,1.00000,1.00000,1.00000,1.00000,1.00000,1.00000,1.00000,1.00000,1.00000,1.00000,1.00000,1.00000,1.00000,1.00000,1.00000,1.00000,1.00000,1.00000,1.00000,1.00000,1.00000,1.00000,1.00000,1.00000,1.00000,1.00000,1.00000,1.00000,1.00000,1.00000,1.00000,1.00000,1.00000,1.00000,1.00000
pref_sf_32_cbb_mc1k_16,1.00000,1.00000,1.00000,1.00000,1.00000,1.00000,1.00000,1.00000,1.00000,1.00000,1.00000,1.00000,1.00000,1.00000,1.00000,1.00000,1.00000,1.00000,1.00000,1.00000,1.00000,1.00000,1.00000,1.00000,1.00000,1.00000,1.00000,1.00000,1.00000,1.00000,1.00000,1.00000,1.00000,1.00000,1.00000,1.00000,1.00000,1.00000,1.00000,1.00000,1.00000,1.00000,1.00000,1.00000,1.00000,1.00000,1.00000,1.00000,1.00000,1.00000,1.00000,1.00000,1.00000,1.00000,1.00000,1.00000,1.00000,1.00000,1.00000
pref_sf_32_cbb_mc1k_32,1.00000,1.00000,1.00000,1.00000,1.00000,1.00000,1.00000,1.00000,1.00000,1.00000,1.00000,1.00000,1.00000,1.00000,1.00000,1.00000,1.00000,1.00000,1.00000,1.00000,1.00000,1.00000,1.00000,1.00000,1.00000,1.00000,1.00000,1.00000,1.00000,1.00000,1.00000,1.00000,1.00000,1.00000,1.00000,1.00000,1.00000,1.00000,1.00000,1.00000,1.00000,1.00000,1.00000,1.00000,1.00000,1.00000,1.00000,1.00000,1.00000,1.00000,1.00000,1.00000,1.00000,1.00000,1.00000,1.00000,1.00000,1.00000,1.00000
pref_sf_32_cbb_mc1k_4,1.00000,1.00000,1.00000,1.00000,1.00000,1.00000,1.00000,1.00000,1.00000,1.00000,1.00000,1.00000,1.00000,1.00000,1.00000,1.00000,1.00000,1.00000,1.00000,1.00000,1.00000,1.00000,1.00000,1.00000,1.00000,1.00000,1.00000,1.00000,1.00000,1.00000,1.00000,1.00000,1.00000,1.00000,1.00000,1.00000,1.00000,1.00000,1.00000,1.00000,1.00000,1.00000,1.00000,1.00000,1.00000,1.00000,1.00000,1.00000,1.00000,1.00000,1.00000,1.00000,1.00000,1.00000,1.00000,1.00000,1.00000,1.00000,1.00000
pref_sf_32_cbb_mc1k_64,1.00000,1.00000,1.00000,1.00000,1.00000,1.00000,1.00000,1.00000,1.00000,1.00000,1.00000,1.00000,1.00000,1.00000,1.00000,1.00000,1.00000,1.00000,1.00000,1.00000,1.00000,1.00000,1.00000,1.00000,1.00000,1.00000,1.00000,1.00000,1.00000,1.00000,1.00000,1.00000,1.00000,1.00000,1.00000,1.00000,1.00000,1.00000,1.00000,1.00000,1.00000,1.00000,1.00000,1.00000,1.00000,1.00000,1.00000,1.00000,1.00000,1.00000,1.00000,1.00000,1.00000,1.00000,1.00000,1.00000,1.00000,1.00000,1.00000
pref_sf_32_cbb_mc1k_8,1.00000,1.00000,1.00000,1.00000,1.00000,1.00000,1.00000,1.00000,1.00000,1.00000,1.00000,1.00000,1.00000,1.00000,1.00000,1.00000,1.00000,1.00000,1.00000,1.00000,1.00000,1.00000,1.00000,1.00000,1.00000,1.00000,1.00000,1.00000,1.00000,1.00000,1.00000,1.00000,1.00000,1.00000,1.00000,1.00000,1.00000,1.00000,1.00000,1.00000,1.00000,1.00000,1.00000,1.00000,1.00000,1.00000,1.00000,1.00000,1.00000,1.00000,1.00000,1.00000,1.00000,1.00000,1.00000,1.00000,1.00000,1.00000,1.00000
pref_sf_32_cbb_mc1k_ideal,1.00000,1.00000,1.00000,1.00000,1.00000,1.00000,1.00000,1.00000,1.00000,1.00000,1.00000,1.00000,1.00000,1.00000,1.00000,1.00000,1.00000,1.00000,1.00000,1.00000,1.00000,1.00000,1.00000,1.00000,1.00000,1.00000,1.00000,1.00000,1.00000,1.00000,1.00000,1.00000,1.00000,1.00000,1.00000,1.00000,1.00000,1.00000,1.00000,1.00000,1.00000,1.00000,1.00000,1.00000,1.00000,1.00000,1.00000,1.00000,1.00000,1.00000,1.00000,1.00000,1.00000,1.00000,1.00000,1.00000,1.00000,1.00000,1.00000
pref_sf_32_cbb_mc2k_16,1.00000,1.00000,1.00000,1.00000,1.00000,1.00000,1.00000,1.00000,1.00000,1.00000,1.00000,1.00000,1.00000,1.00000,1.00000,1.00000,1.00000,1.00000,1.00000,1.00000,1.00000,1.00000,1.00000,1.00000,1.00000,1.00000,1.00000,1.00000,1.00000,1.00000,1.00000,1.00000,1.00000,1.00000,1.00000,1.00000,1.00000,1.00000,1.00000,1.00000,1.00000,1.00000,1.00000,1.00000,1.00000,1.00000,1.00000,1.00000,1.00000,1.00000,1.00000,1.00000,1.00000,1.00000,1.00000,1.00000,1.00000,1.00000,1.00000
pref_sf_32_cbb_mc2k_32,1.00000,1.00000,1.00000,1.00000,1.00000,1.00000,1.00000,1.00000,1.00000,1.00000,1.00000,1.00000,1.00000,1.00000,1.00000,1.00000,1.00000,1.00000,1.00000,1.00000,1.00000,1.00000,1.00000,1.00000,1.00000,1.00000,1.00000,1.00000,1.00000,1.00000,1.00000,1.00000,1.00000,1.00000,1.00000,1.00000,1.00000,1.00000,1.00000,1.00000,1.00000,1.00000,1.00000,1.00000,1.00000,1.00000,1.00000,1.00000,1.00000,1.00000,1.00000,1.00000,1.00000,1.00000,1.00000,1.00000,1.00000,1.00000,1.00000
pref_sf_32_cbb_mc2k_4,1.00000,1.00000,1.00000,1.00000,1.00000,1.00000,1.00000,1.00000,1.00000,1.00000,1.00000,1.00000,1.00000,1.00000,1.00000,1.00000,1.00000,1.00000,1.00000,1.00000,1.00000,1.00000,1.00000,1.00000,1.00000,1.00000,1.00000,1.00000,1.00000,1.00000,1.00000,1.00000,1.00000,1.00000,1.00000,1.00000,1.00000,1.00000,1.00000,1.00000,1.00000,1.00000,1.00000,1.00000,1.00000,1.00000,1.00000,1.00000,1.00000,1.00000,1.00000,1.00000,1.00000,1.00000,1.00000,1.00000,1.00000,1.00000,1.00000
pref_sf_32_cbb_mc2k_64,1.00000,1.00000,1.00000,1.00000,1.00000,1.00000,1.00000,1.00000,1.00000,1.00000,1.00000,1.00000,1.00000,1.00000,1.00000,1.00000,1.00000,1.00000,1.00000,1.00000,1.00000,1.00000,1.00000,1.00000,1.00000,1.00000,1.00000,1.00000,1.00000,1.00000,1.00000,1.00000,1.00000,1.00000,1.00000,1.00000,1.00000,1.00000,1.00000,1.00000,1.00000,1.00000,1.00000,1.00000,1.00000,1.00000,1.00000,1.00000,1.00000,1.00000,1.00000,1.00000,1.00000,1.00000,1.00000,1.00000,1.00000,1.00000,1.00000
pref_sf_32_cbb_mc2k_8,1.00000,1.00000,1.00000,1.00000,1.00000,1.00000,1.00000,1.00000,1.00000,1.00000,1.00000,1.00000,1.00000,1.00000,1.00000,1.00000,1.00000,1.00000,1.00000,1.00000,1.00000,1.00000,1.00000,1.00000,1.00000,1.00000,1.00000,1.00000,1.00000,1.00000,1.00000,1.00000,1.00000,1.00000,1.00000,1.00000,1.00000,1.00000,1.00000,1.00000,1.00000,1.00000,1.00000,1.00000,1.00000,1.00000,1.00000,1.00000,1.00000,1.00000,1.00000,1.00000,1.00000,1.00000,1.00000,1.00000,1.00000,1.00000,1.00000
pref_sf_32_cbb_mc2k_ideal,1.00000,1.00000,1.00000,1.00000,1.00000,1.00000,1.00000,1.00000,1.00000,1.00000,1.00000,1.00000,1.00000,1.00000,1.00000,1.00000,1.00000,1.00000,1.00000,1.00000,1.00000,1.00000,1.00000,1.00000,1.00000,1.00000,1.00000,1.00000,1.00000,1.00000,1.00000,1.00000,1.00000,1.00000,1.00000,1.00000,1.00000,1.00000,1.00000,1.00000,1.00000,1.00000,1.00000,1.00000,1.00000,1.00000,1.00000,1.00000,1.00000,1.00000,1.00000,1.00000,1.00000,1.00000,1.00000,1.00000,1.00000,1.00000,1.00000
pref_sf_32_cbb_mc4k_16,1.00000,1.00000,1.00000,1.00000,1.00000,1.00000,1.00000,1.00000,1.00000,1.00000,1.00000,1.00000,1.00000,1.00000,1.00000,1.00000,1.00000,1.00000,1.00000,1.00000,1.00000,1.00000,1.00000,1.00000,1.00000,1.00000,1.00000,1.00000,1.00000,1.00000,1.00000,1.00000,1.00000,1.00000,1.00000,1.00000,1.00000,1.00000,1.00000,1.00000,1.00000,1.00000,1.00000,1.00000,1.00000,1.00000,1.00000,1.00000,1.00000,1.00000,1.00000,1.00000,1.00000,1.00000,1.00000,1.00000,1.00000,1.00000,1.00000
pref_sf_32_cbb_mc4k_32,1.00000,1.00000,1.00000,1.00000,1.00000,1.00000,1.00000,1.00000,1.00000,1.00000,1.00000,1.00000,1.00000,1.00000,1.00000,1.00000,1.00000,1.00000,1.00000,1.00000,1.00000,1.00000,1.00000,1.00000,1.00000,1.00000,1.00000,1.00000,1.00000,1.00000,1.00000,1.00000,1.00000,1.00000,1.00000,1.00000,1.00000,1.00000,1.00000,1.00000,1.00000,1.00000,1.00000,1.00000,1.00000,1.00000,1.00000,1.00000,1.00000,1.00000,1.00000,1.00000,1.00000,1.00000,1.00000,1.00000,1.00000,1.00000,1.00000
pref_sf_32_cbb_mc4k_4,1.00000,1.00000,1.00000,1.00000,1.00000,1.00000,1.00000,1.00000,1.00000,1.00000,1.00000,1.00000,1.00000,1.00000,1.00000,1.00000,1.00000,1.00000,1.00000,1.00000,1.00000,1.00000,1.00000,1.00000,1.00000,1.00000,1.00000,1.00000,1.00000,1.00000,1.00000,1.00000,1.00000,1.00000,1.00000,1.00000,1.00000,1.00000,1.00000,1.00000,1.00000,1.00000,1.00000,1.00000,1.00000,1.00000,1.00000,1.00000,1.00000,1.00000,1.00000,1.00000,1.00000,1.00000,1.00000,1.00000,1.00000,1.00000,1.00000
pref_sf_32_cbb_mc4k_64,1.00000,1.00000,1.00000,1.00000,1.00000,1.00000,1.00000,1.00000,1.00000,1.00000,1.00000,1.00000,1.00000,1.00000,1.00000,1.00000,1.00000,1.00000,1.00000,1.00000,1.00000,1.00000,1.00000,1.00000,1.00000,1.00000,1.00000,1.00000,1.00000,1.00000,1.00000,1.00000,1.00000,1.00000,1.00000,1.00000,1.00000,1.00000,1.00000,1.00000,1.00000,1.00000,1.00000,1.00000,1.00000,1.00000,1.00000,1.00000,1.00000,1.00000,1.00000,1.00000,1.00000,1.00000,1.00000,1.00000,1.00000,1.00000,1.00000
pref_sf_32_cbb_mc4k_8,1.00000,1.00000,1.00000,1.00000,1.00000,1.00000,1.00000,1.00000,1.00000,1.00000,1.00000,1.00000,1.00000,1.00000,1.00000,1.00000,1.00000,1.00000,1.00000,1.00000,1.00000,1.00000,1.00000,1.00000,1.00000,1.00000,1.00000,1.00000,1.00000,1.00000,1.00000,1.00000,1.00000,1.00000,1.00000,1.00000,1.00000,1.00000,1.00000,1.00000,1.00000,1.00000,1.00000,1.00000,1.00000,1.00000,1.00000,1.00000,1.00000,1.00000,1.00000,1.00000,1.00000,1.00000,1.00000,1.00000,1.00000,1.00000,1.00000
pref_sf_32_cbb_mc4k_ideal,1.00000,1.00000,1.00000,1.00000,1.00000,1.00000,1.00000,1.00000,1.00000,1.00000,1.00000,1.00000,1.00000,1.00000,1.00000,1.00000,1.00000,1.00000,1.00000,1.00000,1.00000,1.00000,1.00000,1.00000,1.00000,1.00000,1.00000,1.00000,1.00000,1.00000,1.00000,1.00000,1.00000,1.00000,1.00000,1.00000,1.00000,1.00000,1.00000,1.00000,1.00000,1.00000,1.00000,1.00000,1.00000,1.00000,1.00000,1.00000,1.00000,1.00000,1.00000,1.00000,1.00000,1.00000,1.00000,1.00000,1.00000,1.00000,1.00000
pref_sf_32_cbb_mc8k_16,1.00000,1.00000,1.00000,1.00000,1.00000,1.00000,1.00000,1.00000,1.00000,1.00000,1.00000,1.00000,1.00000,1.00000,1.00000,1.00000,1.00000,1.00000,1.00000,1.00000,1.00000,1.00000,1.00000,1.00000,1.00000,1.00000,1.00000,1.00000,1.00000,1.00000,1.00000,1.00000,1.00000,1.00000,1.00000,1.00000,1.00000,1.00000,1.00000,1.00000,1.00000,1.00000,1.00000,1.00000,1.00000,1.00000,1.00000,1.00000,1.00000,1.00000,1.00000,1.00000,1.00000,1.00000,1.00000,1.00000,1.00000,1.00000,1.00000
pref_sf_32_cbb_mc8k_32,1.00000,1.00000,1.00000,1.00000,1.00000,1.00000,1.00000,1.00000,1.00000,1.00000,1.00000,1.00000,1.00000,1.00000,1.00000,1.00000,1.00000,1.00000,1.00000,1.00000,1.00000,1.00000,1.00000,1.00000,1.00000,1.00000,1.00000,1.00000,1.00000,1.00000,1.00000,1.00000,1.00000,1.00000,1.00000,1.00000,1.00000,1.00000,1.00000,1.00000,1.00000,1.00000,1.00000,1.00000,1.00000,1.00000,1.00000,1.00000,1.00000,1.00000,1.00000,1.00000,1.00000,1.00000,1.00000,1.00000,1.00000,1.00000,1.00000
pref_sf_32_cbb_mc8k_4,1.00000,1.00000,1.00000,1.00000,1.00000,1.00000,1.00000,1.00000,1.00000,1.00000,1.00000,1.00000,1.00000,1.00000,1.00000,1.00000,1.00000,1.00000,1.00000,1.00000,1.00000,1.00000,1.00000,1.00000,1.00000,1.00000,1.00000,1.00000,1.00000,1.00000,1.00000,1.00000,1.00000,1.00000,1.00000,1.00000,1.00000,1.00000,1.00000,1.00000,1.00000,1.00000,1.00000,1.00000,1.00000,1.00000,1.00000,1.00000,1.00000,1.00000,1.00000,1.00000,1.00000,1.00000,1.00000,1.00000,1.00000,1.00000,1.00000
pref_sf_32_cbb_mc8k_64,1.00000,1.00000,1.00000,1.00000,1.00000,1.00000,1.00000,1.00000,1.00000,1.00000,1.00000,1.00000,1.00000,1.00000,1.00000,1.00000,1.00000,1.00000,1.00000,1.00000,1.00000,1.00000,1.00000,1.00000,1.00000,1.00000,1.00000,1.00000,1.00000,1.00000,1.00000,1.00000,1.00000,1.00000,1.00000,1.00000,1.00000,1.00000,1.00000,1.00000,1.00000,1.00000,1.00000,1.00000,1.00000,1.00000,1.00000,1.00000,1.00000,1.00000,1.00000,1.00000,1.00000,1.00000,1.00000,1.00000,1.00000,1.00000,1.00000
pref_sf_32_cbb_mc8k_8,1.00000,1.00000,1.00000,1.00000,1.00000,1.00000,1.00000,1.00000,1.00000,1.00000,1.00000,1.00000,1.00000,1.00000,1.00000,1.00000,1.00000,1.00000,1.00000,1.00000,1.00000,1.00000,1.00000,1.00000,1.00000,1.00000,1.00000,1.00000,1.00000,1.00000,1.00000,1.00000,1.00000,1.00000,1.00000,1.00000,1.00000,1.00000,1.00000,1.00000,1.00000,1.00000,1.00000,1.00000,1.00000,1.00000,1.00000,1.00000,1.00000,1.00000,1.00000,1.00000,1.00000,1.00000,1.00000,1.00000,1.00000,1.00000,1.00000
pref_sf_32_cbb_mc8k_ideal,1.00000,1.00000,1.00000,1.00000,1.00000,1.00000,1.00000,1.00000,1.00000,1.00000,1.00000,1.00000,1.00000,1.00000,1.00000,1.00000,1.00000,1.00000,1.00000,1.00000,1.00000,1.00000,1.00000,1.00000,1.00000,1.00000,1.00000,1.00000,1.00000,1.00000,1.00000,1.00000,1.00000,1.00000,1.00000,1.00000,1.00000,1.00000,1.00000,1.00000,1.00000,1.00000,1.00000,1.00000,1.00000,1.00000,1.00000,1.00000,1.00000,1.00000,1.00000,1.00000,1.00000,1.00000,1.00000,1.00000,1.00000,1.00000,1.00000
pref_sf_384_cbb_ideal,1.00590,1.00981,1.01017,1.00444,.95285,1.00620,1.02889,.98275,1.00762,1.00096,1.02857,1.00341,1.00407,1.00884,1.00882,1.00512,1.01137,.99998,.99998,1.00172,1.01326,1.01369,1.00004,1.00058,1.00251,1.00000,1.00833,1.00032,.98792,1.00100,1.00007,1.00176,1.01001,1.00001,1.01492,1.00060,.99829,1.01492,1.00042,1.00162,1.00336,1.00028,1.00413,1.00835,1.01492,1.01413,1.00000,1.00735,1.02064,1.00003,1.00010,1.00012,1.07386,1.00453,1.00036,1.05320,1.01492,1.00467,1.01017
pref_sf_384_cbb_mc1k_16,.97021,.91990,1.00939,.97588,.97269,.97385,1.00884,.96599,.98968,.96741,1.00935,.95346,.94496,.91662,.91886,.82563,.92792,.99998,.99998,.96023,.86089,.86686,.99893,.97475,1.00241,1.00000,1.00260,1.00179,.99046,1.00071,1.00006,1.00126,1.00930,1.00001,1.00363,1.00466,.94753,1.00363,1.00034,1.00056,1.00178,1.00016,1.00135,.94211,1.00363,.90464,1.00000,1.00158,.94758,.99985,1.00019,1.00010,1.10567,.94623,1.00032,1.04810,1.00363,1.00117,.93927
pref_sf_384_cbb_mc1k_32,.97021,.91990,1.00939,.97588,.97269,.97385,1.00884,.96599,.98968,.96741,1.00935,.95346,.94496,.91662,.91886,.82563,.92792,.99998,.99998,.96023,.86089,.86686,.99893,.97475,1.00241,1.00000,1.00260,1.00179,.99046,1.00071,1.00006,1.00126,1.00930,1.00001,1.00363,1.00466,.94753,1.00363,1.00034,1.00056,1.00178,1.00016,1.00135,.94211,1.00363,.90464,1.00000,1.00158,.94758,.99985,1.00019,1.00010,1.10567,.94623,1.00032,1.04810,1.00363,1.00117,.93927
pref_sf_384_cbb_mc1k_4,1.00797,.93296,1.00978,1.06801,.97426,.97369,1.01857,.99072,1.03037,.96740,1.01777,.95768,.97583,.92198,.92418,.95025,.93279,.99998,.99998,.97067,.89670,.90508,1.00020,.97492,1.00246,1.00000,1.00260,1.00179,.99046,1.00071,1.00006,1.00126,1.00930,1.00001,1.00363,1.00466,.94833,1.00363,1.00034,1.00056,1.00178,1.00016,1.00135,.95924,1.00363,.90272,1.00000,1.00158,.94008,.99985,1.00019,1.00010,1.67635,.94901,1.00032,1.16743,1.00363,1.00117,1.00454
pref_sf_384_cbb_mc1k_64,.97021,.91990,1.00939,.97588,.97269,.97385,1.00884,.96599,.98968,.96741,1.00935,.95346,.94496,.91662,.91886,.82563,.92792,.99998,.99998,.96023,.86089,.86686,.99893,.97475,1.00241,1.00000,1.00260,1.00179,.99046,1.00071,1.00006,1.00126,1.00930,1.00001,1.00363,1.00466,.94753,1.00363,1.00034,1.00056,1.00178,1.00016,1.00135,.94211,1.00363,.90464,1.00000,1.00158,.94758,.99985,1.00019,1.00010,1.10567,.94623,1.00032,1.04810,1.00363,1.00117,.93927
pref_sf_384_cbb_mc1k_8,.99597,.92195,1.00985,.99586,.97280,.97398,1.01881,.97126,1.01217,.96761,1.01778,.95365,.94502,.91681,.91911,.91848,.92794,.99998,.99998,.96023,.86091,.86722,.99894,.97477,1.00241,1.00000,1.00260,1.00179,.99046,1.00071,1.00006,1.00126,1.00930,1.00001,1.00363,1.00466,.94753,1.00363,1.00034,1.00056,1.00178,1.00016,1.00135,.94211,1.00363,.90464,1.00000,1.00158,.94758,.99985,1.00019,1.00010,1.13155,.94623,1.00032,1.95660,1.00363,1.00117,.93927
pref_sf_384_cbb_mc1k_ideal,.97021,.91990,1.00939,.97588,.97269,.97385,1.00884,.96599,.98968,.96741,1.00935,.95346,.94496,.91662,.91886,.82563,.92792,.99998,.99998,.96023,.86089,.86686,.99893,.97475,1.00241,1.00000,1.00260,1.00179,.99046,1.00071,1.00006,1.00126,1.00930,1.00001,1.00363,1.00466,.94753,1.00363,1.00034,1.00056,1.00178,1.00016,1.00135,.94211,1.00363,.90464,1.00000,1.00158,.94758,.99985,1.00019,1.00010,1.10567,.94623,1.00032,1.04810,1.00363,1.00117,.93927
pref_sf_384_cbb_mc2k_16,1.00290,.88855,1.00998,1.02538,.98612,.97471,1.01795,.97230,1.03363,.97643,1.01688,.97140,.97380,.88875,.89186,.94755,.91877,.99998,.99998,.93762,.90337,.91100,1.00036,.97647,1.00242,1.00000,1.00260,1.00181,.99040,1.00071,1.00006,1.00126,1.00930,1.00001,1.00363,1.00474,.95390,1.00363,1.00034,1.00056,1.00178,1.00016,1.00135,.98367,1.00363,.92084,1.00000,1.00158,.97093,.99982,1.00019,1.00010,1.47244,.92083,1.00032,1.13781,1.00363,1.00117,.96681
pref_sf_384_cbb_mc2k_32,1.00107,.88798,1.00997,1.01789,.97320,.97463,1.01756,.96846,.99287,.97643,1.01672,.97140,.97375,.88721,.89090,.94551,.86964,.99998,.99998,.93761,.88277,.88781,1.00033,.97646,1.00242,1.00000,1.00260,1.00181,.99040,1.00071,1.00006,1.00126,1.00930,1.00001,1.00363,1.00474,.95390,1.00363,1.00034,1.00056,1.00178,1.00016,1.00135,.98367,1.00363,.92084,1.00000,1.00158,.97093,.99982,1.00019,1.00010,1.07898,.92083,1.00032,1.06244,1.00363,1.00117,.96681
pref_sf_384_cbb_mc2k_4,1.00840,.93281,1.00978,1.06801,.97426,.97269,1.01872,.99072,1.03627,.96740,1.01792,.95768,.96784,.91872,.92092,.95025,.93279,.99998,.99998,.96850,.89670,.90508,1.00020,.97494,1.00247,1.00000,1.00260,1.00179,.99046,1.00071,1.00006,1.00126,1.00930,1.00001,1.00363,1.00466,.94833,1.00363,1.00034,1.00056,1.00178,1.00016,1.00135,.95992,1.00363,.90272,1.00000,1.00158,.94008,.99982,1.00019,1.00010,1.67635,.94901,1.00032,1.16743,1.00363,1.00117,1.00454
pref_sf_384_cbb_mc2k_64,1.00107,.88798,1.00997,1.01789,.97320,.97463,1.01756,.96846,.99287,.97643,1.01672,.97140,.97375,.88721,.89090,.94551,.86964,.99998,.99998,.93761,.88277,.88781,1.00033,.97646,1.00242,1.00000,1.00260,1.00181,.99040,1.00071,1.00006,1.00126,1.00930,1.00001,1.00363,1.00474,.95390,1.00363,1.00034,1.00056,1.00178,1.00016,1.00135,.98367,1.00363,.92084,1.00000,1.00158,.97093,.99982,1.00019,1.00010,1.07898,.92083,1.00032,1.06244,1.00363,1.00117,.96681
pref_sf_384_cbb_mc2k_8,.99839,.90491,1.01006,1.13321,.97283,.97805,1.02724,1.03844,1.02877,.96665,1.02487,.96514,.97428,.92043,.91876,.98314,.98115,.99998,.99998,.95855,.92616,.93624,1.00037,.98083,1.00242,1.00000,1.00260,1.00181,.99040,1.00071,1.00006,1.00126,1.00930,1.00001,1.00363,1.00474,.95539,1.00363,1.00034,1.00056,1.00178,1.00016,1.00135,.97792,1.00363,.92613,1.00000,1.00158,.97587,.99982,1.00019,1.00010,1.27602,.96319,1.00032,2.10525,1.00363,1.00117,.96079
pref_sf_384_cbb_mc2k_ideal,1.00107,.88798,1.00997,1.01789,.97320,.97463,1.01756,.96846,.99287,.97643,1.01672,.97140,.97375,.88721,.89090,.94551,.86964,.99998,.99998,.93761,.88277,.88781,1.00033,.97646,1.00242,1.00000,1.00260,1.00181,.99040,1.00071,1.00006,1.00126,1.00930,1.00001,1.00363,1.00474,.95390,1.00363,1.00034,1.00056,1.00178,1.00016,1.00135,.98367,1.00363,.92084,1.00000,1.00158,.97093,.99982,1.00019,1.00010,1.07898,.92083,1.00032,1.06244,1.00363,1.00117,.96681
pref_sf_384_cbb_mc4k_16,1.00942,1.10258,1.01003,1.07496,.98614,1.08333,1.01899,1.10241,1.04108,.97672,1.01653,.97232,1.03598,1.14464,1.15593,.95532,.98199,.99998,.99998,1.02474,.93666,.94480,1.01147,1.04597,1.00241,1.00000,1.00260,1.00181,.99040,1.00071,1.00006,1.00126,1.00931,1.00001,1.00363,1.00474,.96711,1.00363,1.00034,1.00056,1.00178,1.00016,1.00135,1.04954,1.00363,.93920,1.00000,1.00158,.98073,.99982,1.00019,1.00010,1.47244,1.06423,1.00032,1.13781,1.00363,1.00117,1.22939
pref_sf_384_cbb_mc4k_32,1.00193,.78565,1.01003,1.00966,.97322,.98483,1.01786,.98490,1.00605,.97571,1.01651,.97102,.97909,.78280,.79702,.98947,.94671,.99998,.99998,.86801,.92069,.92435,1.00009,.98937,1.00241,1.00000,1.00260,1.00181,.99040,1.00071,1.00006,1.00126,1.00931,1.00001,1.00363,1.00474,.96967,1.00363,1.00034,1.00056,1.00178,1.00016,1.00135,.99009,1.00363,.93513,1.00000,1.00158,.99007,.99982,1.00019,1.00010,1.07898,.80283,1.00032,1.06244,1.00363,1.00117,1.01604
pref_sf_384_cbb_mc4k_4,1.00840,.93281,1.00978,1.06801,.97426,.97269,1.34785,.99072,1.03627,.96740,1.34171,.95768,.96784,.91872,.92092,.95025,.93279,.99998,.99998,.96850,.89670,.90508,1.00020,.97494,1.00247,1.00000,1.00260,1.00179,.99046,1.00071,1.00006,1.00126,1.00930,1.00001,1.00363,1.00466,.94833,1.00363,1.00034,1.00056,1.00178,1.00016,1.00135,.95992,1.00363,.90272,1.00000,1.00158,.94008,.99982,1.00019,1.00010,1.67635,.94901,1.00032,1.16743,1.00363,1.00117,1.00454
pref_sf_384_cbb_mc4k_64,1.00178,.78322,1.01003,1.00373,.97322,.98482,1.01776,.98488,.99473,.97571,1.01649,.97102,.97909,.78271,.79690,.95202,.94670,.99998,.99998,.86800,.73245,.72177,1.00008,.98937,1.00241,1.00000,1.00260,1.00181,.99040,1.00071,1.00006,1.00126,1.00931,1.00001,1.00363,1.00474,.96967,1.00363,1.00034,1.00056,1.00178,1.00016,1.00135,.99009,1.00363,.93513,1.00000,1.00158,.99007,.99982,1.00019,1.00010,1.07898,.80283,1.00032,1.06244,1.00363,1.00117,1.01604
pref_sf_384_cbb_mc4k_8,.99843,.93840,1.01006,1.13321,.97283,.97718,1.01348,1.03844,1.03087,.96665,1.01219,.96514,.97391,.93047,.92904,.98314,.98115,.99998,.99998,.95965,.92616,.93624,1.00037,.98083,1.00241,1.00000,1.00260,1.00181,.99040,1.00071,1.00006,1.00126,1.00930,1.00001,1.00363,1.00474,.95539,1.00363,1.00034,1.00056,1.00178,1.00016,1.00135,.97779,1.00363,.92613,1.00000,1.00158,.97587,.99982,1.00019,1.00010,1.27602,.96319,1.00032,2.10525,1.00363,1.00117,.96079
pref_sf_384_cbb_mc4k_ideal,1.00178,.78322,1.01003,1.00373,.97322,.98482,1.01776,.98488,.99473,.97571,1.01649,.97102,.97909,.78271,.79690,.95202,.94670,.99998,.99998,.86800,.73245,.72177,1.00008,.98937,1.00241,1.00000,1.00260,1.00181,.99040,1.00071,1.00006,1.00126,1.00931,1.00001,1.00363,1.00474,.96967,1.00363,1.00034,1.00056,1.00178,1.00016,1.00135,.99009,1.00363,.93513,1.00000,1.00158,.99007,.99982,1.00019,1.00010,1.07898,.80283,1.00032,1.06244,1.00363,1.00117,1.01604
pref_sf_384_cbb_mc8k_16,1.00942,1.11392,1.01003,1.07496,.98614,1.08474,1.01899,1.10241,1.04108,.97636,1.01656,.97136,1.03666,1.15034,1.16196,.95532,.98199,.99998,.99998,1.02497,.93666,.94480,1.01147,1.04597,1.00253,1.00000,1.00260,1.00181,.99040,1.00071,1.00006,1.00126,1.00931,1.00001,1.00363,1.00474,.96711,1.00363,1.00034,1.00056,1.00178,1.00016,1.00135,1.04954,1.00363,.93920,1.00000,1.00158,.98073,.99982,1.00019,1.00010,1.47244,1.06423,1.00032,1.13781,1.00363,1.00117,1.22939
pref_sf_384_cbb_mc8k_32,1.00406,.98260,1.01003,1.01658,.97322,1.31760,1.02712,.98581,1.04990,.97549,1.02635,.97094,1.09716,.99175,.99219,.99727,.94671,.99998,.99998,.98550,1.19631,1.23035,1.00003,.99547,1.00253,1.00000,1.00260,1.00181,.99040,1.00071,1.00006,1.00126,1.00931,1.00001,1.00363,1.00474,1.26951,1.00363,1.00034,1.00056,1.00178,1.00016,1.00135,1.11049,1.00363,1.29235,1.00000,1.00158,1.23406,.99982,1.00019,1.00010,1.07898,1.13329,1.00032,1.06244,1.00363,1.00117,1.01970
pref_sf_384_cbb_mc8k_4,1.00840,.93281,1.00978,1.06801,.97426,.97269,1.34785,.99072,1.03627,.96740,1.34171,.95768,.96784,.91872,.92092,.95025,.93279,.99998,.99998,.96850,.89670,.90508,1.00020,.97494,1.00247,1.00000,1.00260,1.00179,.99046,1.00071,1.00006,1.00126,1.00930,1.00001,1.00363,1.00466,.94833,1.00363,1.00034,1.00056,1.00178,1.00016,1.00135,.95992,1.00363,.90272,1.00000,1.00158,.94008,.99982,1.00019,1.00010,1.67635,.94901,1.00032,1.16743,1.00363,1.00117,1.00454
pref_sf_384_cbb_mc8k_64,1.00422,.95309,1.01009,1.00719,.97325,.99114,1.01750,.98593,1.00402,.97570,1.01654,.97094,.91880,.87835,.88131,.97155,1.00608,.99998,.99998,.97285,.97483,.97650,1.00002,.99218,1.00253,1.00000,1.00260,1.00181,.99040,1.00071,1.00006,1.00126,1.00931,1.00001,1.00363,1.00474,.99522,1.00363,1.00034,1.00056,1.00178,1.00016,1.00135,.84366,1.00363,1.02472,1.00000,1.00158,1.00545,.99982,1.00019,1.00010,1.07898,.98440,1.00032,1.06244,1.00363,1.00117,1.01610
pref_sf_384_cbb_mc8k_8,.99843,.93840,1.01006,1.13321,.97283,.97718,1.01348,1.03844,1.03087,.96665,1.01219,.96514,.97391,.93047,.92904,.98314,.98115,.99998,.99998,.95965,.92616,.93624,1.00037,.98083,1.00248,1.00000,1.00260,1.00181,.99040,1.00071,1.00006,1.00126,1.00930,1.00001,1.00363,1.00474,.95539,1.00363,1.00034,1.00056,1.00178,1.00016,1.00135,.97779,1.00363,.92613,1.00000,1.00158,.97587,.99982,1.00019,1.00010,1.27602,.96319,1.00032,2.10525,1.00363,1.00117,.96079
pref_sf_384_cbb_mc8k_ideal,1.00256,.94467,1.01009,1.00704,.97324,.99064,1.01750,.98245,1.00397,.97570,1.01654,.97094,.91853,.87832,.88137,.95039,1.00620,.99998,.99998,.97284,.70297,.69991,1.00002,.99214,1.00253,1.00000,1.00260,1.00181,.99040,1.00071,1.00006,1.00126,1.00931,1.00001,1.00363,1.00474,.99522,1.00363,1.00034,1.00056,1.00178,1.00016,1.00135,.84366,1.00363,1.02472,1.00000,1.00158,1.00545,.99982,1.00019,1.00010,1.07898,.98440,1.00032,1.06244,1.00363,1.00117,1.01610
pref_sf_512_cbb_ideal,1.00855,1.00919,1.01018,.99934,.97595,1.00769,1.05378,1.04633,1.00814,1.00415,1.05358,1.00661,1.00455,1.00771,1.00794,1.00817,1.01326,.91817,.99998,1.00141,1.01795,1.01750,1.00056,1.00083,1.00144,1.00000,1.00833,1.00033,1.00025,1.00100,1.00007,1.00176,.99747,1.00001,1.01492,1.00060,1.00473,1.01492,1.00042,1.00162,1.00336,1.00028,1.00413,1.01067,1.01492,1.01433,1.00000,1.00735,1.02353,1.00003,1.00010,1.00012,1.07968,1.00716,1.00036,1.06126,1.01492,1.00467,1.00681
pref_sf_512_cbb_mc1k_16,.88183,.90611,1.00922,.89307,.98510,.96156,1.01916,1.01303,.96323,.97544,1.02112,.96201,.97999,.93386,.93625,.82860,.92759,.93114,.99998,.94743,.88894,.89528,1.00001,.98585,1.00140,1.00000,.98214,1.00020,.99914,1.00071,1.00006,.99125,.99765,.99990,.97526,1.00466,.91422,.97526,1.00034,1.00056,.98769,1.00144,1.00135,.88573,.97526,.92536,1.00000,1.00158,.92493,1.00002,.99984,1.00010,1.10642,.96189,.99770,1.05822,.97526,1.00112,.92792
pref_sf_512_cbb_mc1k_32,.88183,.90611,1.00922,.89307,.98510,.96156,1.01916,1.01303,.96323,.97544,1.02112,.96201,.97999,.93386,.93625,.82860,.92759,.93114,.99998,.94743,.88894,.89528,1.00001,.98585,1.00140,1.00000,.98214,1.00020,.99914,1.00071,1.00006,.99125,.99765,.99990,.97526,1.00466,.91422,.97526,1.00034,1.00056,.98769,1.00144,1.00135,.88573,.97526,.92536,1.00000,1.00158,.92493,1.00002,.99984,1.00010,1.10642,.96189,.99770,1.05822,.97526,1.00112,.92792
pref_sf_512_cbb_mc1k_4,1.00116,.91496,1.00962,1.01574,.98666,.96221,1.02872,1.03214,1.02541,.97523,1.02936,.96205,.97878,.93983,.94200,.92487,.93094,.93114,.99998,.95076,.89003,.89671,1.00124,1.02770,1.00145,1.00000,.98214,1.00020,.99914,1.00071,1.00006,.99125,.99765,.99990,.97526,1.00466,.92476,.97526,1.00034,1.00056,.98769,1.00144,1.00135,.90235,.97526,.92501,1.00000,1.00158,.92624,1.00002,.99984,1.00010,1.69557,.97661,.99770,1.18276,.97526,1.00112,.99401
pref_sf_512_cbb_mc1k_64,.88183,.90611,1.00922,.89307,.98510,.96156,1.01916,1.01303,.96323,.97544,1.02112,.96201,.97999,.93386,.93625,.82860,.92759,.93114,.99998,.94743,.88894,.89528,1.00001,.98585,1.00140,1.00000,.98214,1.00020,.99914,1.00071,1.00006,.99125,.99765,.99990,.97526,1.00466,.91422,.97526,1.00034,1.00056,.98769,1.00144,1.00135,.88573,.97526,.92536,1.00000,1.00158,.92493,1.00002,.99984,1.00010,1.10642,.96189,.99770,1.05822,.97526,1.00112,.92792
pref_sf_512_cbb_mc1k_8,.96397,.90649,1.00926,.91140,.98510,.96159,1.02897,1.01327,.98312,.97544,1.02938,.96201,.98001,.93403,.93643,.83201,.92759,.93114,.99998,.94743,.88895,.89564,1.00001,.98586,1.00140,1.00000,.98214,1.00020,.99914,1.00071,1.00006,.99125,.99765,.99990,.97526,1.00466,.91422,.97526,1.00034,1.00056,.98769,1.00144,1.00135,.88573,.97526,.92536,1.00000,1.00158,.92493,1.00002,.99984,1.00010,1.13231,.96189,.99770,1.97549,.97526,1.00112,.92792
pref_sf_512_cbb_mc1k_ideal,.88183,.90611,1.00922,.89307,.98510,.96156,1.01916,1.01303,.96323,.97544,1.02112,.96201,.97999,.93386,.93625,.82860,.92759,.93114,.99998,.94743,.88894,.89528,1.00001,.98585,1.00140,1.00000,.98214,1.00020,.99914,1.00071,1.00006,.99125,.99765,.99990,.97526,1.00466,.91422,.97526,1.00034,1.00056,.98769,1.00144,1.00135,.88573,.97526,.92536,1.00000,1.00158,.92493,1.00002,.99984,1.00010,1.10642,.96189,.99770,1.05822,.97526,1.00112,.92792
pref_sf_512_cbb_mc2k_16,1.00425,.91227,1.00992,1.00309,.98528,.97112,1.02762,1.04305,1.01608,.97020,1.02829,.97322,.98402,.93525,.93844,.94267,.92494,.93114,.99998,.90205,.90026,.90697,1.00042,.98947,1.00140,1.00000,.98214,1.00020,.99914,1.00071,1.00006,.99125,.99765,.99990,.97526,1.00474,.93819,.97526,1.00034,1.00056,.98769,1.00146,1.00135,.76298,.97526,.95154,1.00000,1.00158,.96983,1.00002,.99984,1.00010,1.48658,.98508,.99770,1.14531,.97526,1.00112,.96447
pref_sf_512_cbb_mc2k_32,1.00421,.91227,1.00992,.99588,.97196,.97108,1.02743,1.04304,.98599,.97020,1.02825,.97322,.98399,.93525,.93844,.94267,.92493,.93114,.99998,.90205,.90026,.88977,1.00040,.98946,1.00140,1.00000,.98214,1.00020,.99914,1.00071,1.00006,.99125,.99765,.99990,.97526,1.00474,.93819,.97526,1.00034,1.00056,.98769,1.00146,1.00135,.76298,.97526,.95154,1.00000,1.00158,.96983,1.00002,.99984,1.00010,1.08934,.98508,.99770,1.06944,.97526,1.00112,.96447
pref_sf_512_cbb_mc2k_4,1.00169,.91706,1.00963,1.02945,.98666,.97448,1.02891,1.03261,1.03339,.97523,1.02956,.96205,.98164,.93838,.94061,.92490,.93141,.93114,.99998,.96222,.89013,.89671,1.00164,1.02971,1.00145,1.00000,.98214,1.00020,.99914,1.00071,1.00006,.99125,.99765,.99990,.97526,1.00466,.92949,.97526,1.00034,1.00056,.98769,1.00144,1.00135,.96498,.97526,.92501,1.00000,1.00158,.93759,1.00002,.99984,1.00010,1.69557,.97661,.99770,1.18276,.97526,1.00112,.99401
pref_sf_512_cbb_mc2k_64,1.00421,.91227,1.00992,.99588,.97196,.97108,1.02743,1.04304,.98599,.97020,1.02825,.97322,.98399,.93525,.93844,.94267,.92493,.93114,.99998,.90205,.90026,.88977,1.00040,.98946,1.00140,1.00000,.98214,1.00020,.99914,1.00071,1.00006,.99125,.99765,.99990,.97526,1.00474,.93819,.97526,1.00034,1.00056,.98769,1.00146,1.00135,.76298,.97526,.95154,1.00000,1.00158,.96983,1.00002,.99984,1.00010,1.08934,.98508,.99770,1.06944,.97526,1.00112,.96447
pref_sf_512_cbb_mc2k_8,.98766,.93128,1.00993,1.11122,.98527,.97398,1.03786,1.07749,1.02177,.97472,1.03873,.96938,.98328,.94844,.94962,.96519,.97788,.93114,.99998,.92123,.89407,.90093,1.00046,.99213,1.00140,1.00000,.98214,1.00020,.99914,1.00071,1.00006,.99125,.99765,.99990,.97526,1.00474,.93839,.97526,1.00034,1.00056,.98769,1.00146,1.00135,.95050,.97526,.95367,1.00000,1.00158,.98070,1.00002,.99984,1.00010,1.50609,.99653,.99770,2.11900,.97526,1.00112,.95873
pref_sf_512_cbb_mc2k_ideal,1.00421,.91227,1.00992,.99588,.97196,.97108,1.02743,1.04304,.98599,.97020,1.02825,.97322,.98399,.93525,.93844,.94267,.92493,.93114,.99998,.90205,.90026,.88977,1.00040,.98946,1.00140,1.00000,.98214,1.00020,.99914,1.00071,1.00006,.99125,.99765,.99990,.97526,1.00474,.93819,.97526,1.00034,1.00056,.98769,1.00146,1.00135,.76298,.97526,.95154,1.00000,1.00158,.96983,1.00002,.99984,1.00010,1.08934,.98508,.99770,1.06944,.97526,1.00112,.96447
pref_sf_512_cbb_mc4k_16,1.01650,1.05529,1.01009,1.09685,1.00000,1.09347,1.03242,1.18299,1.04149,1.01812,1.03429,.97700,1.05624,1.20817,1.21296,.98428,1.03818,.93114,.99998,1.10750,.97554,.96755,1.01263,1.04095,1.00146,1.00000,.98214,1.00020,.99914,1.00071,1.00006,.99125,.99765,.99990,.97526,1.00474,.97832,.97526,1.00034,1.00056,.98769,1.00146,1.00135,1.07458,.97526,1.65336,1.00000,1.00158,1.14934,1.00002,.99984,1.00010,1.48658,1.15767,.99770,1.14531,.97526,1.00112,1.36055
pref_sf_512_cbb_mc4k_32,1.00630,.79424,1.00998,.99597,.98644,.93355,1.03126,1.03343,1.00189,.98673,1.03217,.97577,.96344,.76397,.78186,.95036,.92967,.93114,.99998,.94510,.90545,.90568,1.00044,.95062,1.00146,1.00000,.98214,1.00020,.99914,1.00071,1.00006,.99125,.99765,.99990,.97526,1.00474,.95748,.97526,1.00034,1.00056,.98769,1.00146,1.00135,.98915,.97526,.97811,1.00000,1.00158,.99240,1.00002,.99984,1.00010,1.08934,.98860,.99770,1.06944,.97526,1.00112,1.01278
pref_sf_512_cbb_mc4k_4,1.00169,.91706,1.00963,1.02945,.98666,.97448,1.36604,1.03261,1.03339,.97523,1.36206,.96205,.98164,.93838,.94061,.92490,.93141,.93114,.99998,.96222,.89013,.89671,1.00164,1.02971,1.00145,1.00000,.98214,1.00020,.99914,1.00071,1.00006,.99125,.99765,.99990,.97526,1.00466,.92949,.97526,1.00034,1.00056,.98769,1.00144,1.00135,.96498,.97526,.92501,1.00000,1.00158,.93759,1.00002,.99984,1.00010,1.69557,.97661,.99770,1.18276,.97526,1.00112,.99401
pref_sf_512_cbb_mc4k_64,1.00615,.79420,1.00998,.99219,.98644,.93355,1.03115,1.03343,.99871,.98673,1.03214,.97577,.96344,.76396,.78184,.94944,.92967,.93114,.99998,.94509,.83381,.85309,1.00044,.95062,1.00146,1.00000,.98214,1.00020,.99914,1.00071,1.00006,.99125,.99765,.99990,.97526,1.00474,.95748,.97526,1.00034,1.00056,.98769,1.00146,1.00135,.98915,.97526,.97811,1.00000,1.00158,.99240,1.00002,.99984,1.00010,1.08934,.98860,.99770,1.06944,.97526,1.00112,1.01278
pref_sf_512_cbb_mc4k_8,.98794,.94068,1.00993,1.11125,.98527,.98671,1.15171,1.07754,1.03599,.97472,1.13393,.96944,.99063,.95291,.95376,.96519,.97788,.93114,.99998,.95713,.89407,.90093,1.00046,.99214,1.00144,1.00000,.98214,1.00020,.99914,1.00071,1.00006,.99125,.99765,.99990,.97526,1.00474,1.11332,.97526,1.00034,1.00056,.98769,1.00146,1.00135,1.14213,.97526,.95367,1.00000,1.00158,.98108,1.00002,.99984,1.00010,1.50609,1.00761,.99770,2.11900,.97526,1.00112,.95873
pref_sf_512_cbb_mc4k_ideal,1.00615,.79420,1.00998,.99219,.98644,.93355,1.03115,1.03343,.99871,.98673,1.03214,.97577,.96344,.76396,.78184,.94944,.92967,.93114,.99998,.94509,.83381,.85309,1.00044,.95062,1.00146,1.00000,.98214,1.00020,.99914,1.00071,1.00006,.99125,.99765,.99990,.97526,1.00474,.95748,.97526,1.00034,1.00056,.98769,1.00146,1.00135,.98915,.97526,.97811,1.00000,1.00158,.99240,1.00002,.99984,1.00010,1.08934,.98860,.99770,1.06944,.97526,1.00112,1.01278
pref_sf_512_cbb_mc8k_16,1.01763,1.22592,1.01009,1.09685,1.00000,1.10663,1.03286,1.18299,1.04129,1.00238,1.05785,.97620,1.06053,1.39868,1.39322,.98428,1.03818,.93114,.99998,1.13988,.97554,.96755,1.01263,1.04097,1.00147,1.00000,.98214,1.00020,.99914,1.00071,1.00006,.99125,.99765,.99990,.97526,1.00474,.99220,.97526,1.00034,1.00056,.98769,1.00146,1.00135,1.07287,.97526,1.65336,1.00000,1.00158,1.14934,1.00002,.99984,1.00010,1.48658,1.26957,.99770,1.14531,.97526,1.00112,1.36055
pref_sf_512_cbb_mc8k_32,1.01367,.98917,1.00998,1.01238,.98644,1.34461,1.04109,1.03456,1.06031,.98674,1.04124,.97572,1.19424,.98923,.99420,1.03902,.92994,.93114,.99998,.98510,1.19697,1.22368,1.00040,1.00190,1.00147,1.00000,.98214,1.00020,.99914,1.00071,1.00006,.99125,.99765,.99990,.97526,1.00474,1.41838,.97526,1.00034,1.00056,.98769,1.00146,1.00135,1.48245,.97526,1.27418,1.00000,1.00158,1.38565,1.00002,.99984,1.00010,1.08934,1.08238,.99770,1.06944,.97526,1.00112,1.01638
pref_sf_512_cbb_mc8k_4,1.00169,.91706,1.00963,1.02945,.98666,.97448,1.36604,1.03261,1.03339,.97523,1.36206,.96205,.98164,.93838,.94061,.92490,.93141,.93114,.99998,.96222,.89013,.89671,1.00164,1.02971,1.00145,1.00000,.98214,1.00020,.99914,1.00071,1.00006,.99125,.99765,.99990,.97526,1.00466,.92949,.97526,1.00034,1.00056,.98769,1.00144,1.00135,.96498,.97526,.92501,1.00000,1.00158,.93759,1.00002,.99984,1.00010,1.69557,.97661,.99770,1.18276,.97526,1.00112,.99401
pref_sf_512_cbb_mc8k_64,1.00421,.92066,1.01007,1.00199,.98647,.99615,1.03119,1.02996,1.00485,.98672,1.03115,.97571,.99904,.87966,.88285,.97517,1.00713,.93114,.99998,.97456,.97526,.96980,1.00036,.99871,1.00147,1.00000,.98214,1.00020,.99914,1.00071,1.00006,.99125,.99765,.99990,.97526,1.00474,1.00420,.97526,1.00034,1.00056,.98769,1.00146,1.00135,.95571,.97526,1.01607,1.00000,1.00158,.93456,1.00002,.99984,1.00010,1.08934,.99624,.99770,1.06944,.97526,1.00112,1.01283
pref_sf_512_cbb_mc8k_8,.98794,.94068,1.00993,1.11125,.98527,.98671,1.15171,1.07754,1.03599,.97472,1.13393,.96944,.99063,.95291,.95376,.96519,.97788,.93114,.99998,.95713,.89407,.90093,1.00046,.99214,1.00144,1.00000,.98214,1.00020,.99914,1.00071,1.00006,.99125,.99765,.99990,.97526,1.00474,1.11332,.97526,1.00034,1.00056,.98769,1.00146,1.00135,1.14213,.97526,.95367,1.00000,1.00158,.98108,1.00002,.99984,1.00010,1.50609,1.00761,.99770,2.11900,.97526,1.00112,.95873
pref_sf_512_cbb_mc8k_ideal,1.00308,.91226,1.01007,1.00198,.98647,.99563,1.03119,1.02793,1.00481,.98672,1.03115,.97571,.99875,.87965,.88284,.95624,1.00713,.93114,.99998,.97456,.70771,.76444,1.00036,.99867,1.00147,1.00000,.98214,1.00020,.99914,1.00071,1.00006,.99125,.99765,.99990,.97526,1.00474,1.00420,.97526,1.00034,1.00056,.98769,1.00146,1.00135,.95571,.97526,1.01607,1.00000,1.00158,.93456,1.00002,.99984,1.00010,1.08934,.99624,.99770,1.06944,.97526,1.00112,1.01283
pref_sf_96_cbb_ideal,1.00058,1.00018,1.00000,.99998,1.00006,1.00055,1.00007,1.00003,1.00025,1.00005,1.00024,1.00014,1.00036,1.00006,1.00006,1.00155,1.00256,1.00000,1.00000,.99999,1.00002,1.00006,1.00005,1.00000,1.00000,1.00000,1.00000,1.00000,1.00000,1.00000,1.00000,1.00000,1.00000,1.00000,1.00000,1.00000,1.00000,1.00000,1.00000,1.00000,1.00000,1.00000,1.00000,1.00005,1.00000,1.00000,1.00000,1.02500,1.00000,1.00000,1.00000,1.00000,1.00440,1.00000,1.07678,1.00000,1.00000,1.00000,1.00000
pref_sf_96_cbb_mc1k_16,1.00077,.99967,.99999,.99238,1.00006,1.00030,1.00024,.99833,1.00070,.99955,1.00055,1.00011,1.00021,.99996,.99996,1.00137,1.00014,1.00050,1.00000,.99999,.99762,.99623,.99875,.99999,1.00000,1.00000,1.00000,1.00000,1.00000,1.00000,1.00000,1.00000,1.00000,1.00000,1.00000,1.00000,1.00000,1.00000,1.00000,1.00000,1.00000,1.00000,1.00000,1.00001,1.00000,1.00000,1.00000,1.02873,1.00000,1.00446,1.00000,1.00000,1.00490,1.00000,1.07359,1.00000,1.00000,1.00000,.99894
pref_sf_96_cbb_mc1k_32,.99991,.99967,.99999,.98659,1.00006,1.00030,1.00016,.99800,1.00040,.99948,1.00047,1.00004,1.00021,.99996,.99996,1.00140,1.00013,1.00050,1.00000,.99999,.99748,.99612,.99874,.99999,1.00000,1.00000,1.00000,1.00000,1.00000,1.00000,1.00000,1.00000,1.00000,1.00000,1.00000,1.00000,1.00000,1.00000,1.00000,1.00000,1.00000,1.00000,1.00000,1.00001,1.00000,1.00000,1.00000,1.02873,1.00000,1.00446,1.00000,1.00000,1.00490,1.00000,1.07359,1.00000,1.00000,1.00000,.99894
pref_sf_96_cbb_mc1k_4,.99914,.99949,.99999,.99191,1.00006,.99994,1.00007,.99833,1.00025,.99945,1.00016,.99995,.99996,.99987,.99987,1.00055,1.00076,1.00020,1.00000,.99999,.99736,.99607,.99758,.99999,1.00000,1.00000,1.00000,1.00000,1.00000,1.00000,1.00000,1.00000,1.00000,1.00000,1.00000,1.00000,1.00000,1.00000,1.00000,1.00000,1.00000,1.00000,1.00000,.99996,1.00000,1.00000,1.00000,1.02659,1.00000,1.00364,1.00000,1.00000,.99737,1.00000,1.08757,1.00000,1.00000,1.00000,.99913
pref_sf_96_cbb_mc1k_64,.99991,.99967,.99999,.98659,1.00006,1.00030,1.00016,.99800,1.00040,.99948,1.00047,1.00004,1.00021,.99996,.99996,1.00140,1.00013,1.00050,1.00000,.99999,.99748,.99612,.99874,.99999,1.00000,1.00000,1.00000,1.00000,1.00000,1.00000,1.00000,1.00000,1.00000,1.00000,1.00000,1.00000,1.00000,1.00000,1.00000,1.00000,1.00000,1.00000,1.00000,1.00001,1.00000,1.00000,1.00000,1.02873,1.00000,1.00446,1.00000,1.00000,1.00490,1.00000,1.07359,1.00000,1.00000,1.00000,.99894
pref_sf_96_cbb_mc1k_8,1.01761,.99965,.99999,.99464,1.00084,1.00033,1.00012,.99829,1.00038,.99946,1.00030,1.00002,1.00022,.99996,.99996,1.00078,1.00155,1.00050,1.00000,.99999,.99764,.99634,.99912,1.00000,1.00000,1.00000,1.00000,1.00000,1.00000,1.00000,1.00000,1.00000,1.00000,1.00000,1.00000,1.00000,1.00000,1.00000,1.00000,1.00000,1.00000,1.00000,1.00000,1.00001,1.00000,1.00000,1.00000,1.10919,1.00000,1.00446,1.00000,1.00000,1.04496,1.00000,1.07359,1.00000,1.00000,1.00000,.99901
pref_sf_96_cbb_mc1k_ideal,.99991,.99967,.99999,.98659,1.00006,1.00030,1.00016,.99800,1.00040,.99948,1.00047,1.00004,1.00021,.99996,.99996,1.00140,1.00013,1.00050,1.00000,.99999,.99748,.99612,.99874,.99999,1.00000,1.00000,1.00000,1.00000,1.00000,1.00000,1.00000,1.00000,1.00000,1.00000,1.00000,1.00000,1.00000,1.00000,1.00000,1.00000,1.00000,1.00000,1.00000,1.00001,1.00000,1.00000,1.00000,1.02873,1.00000,1.00446,1.00000,1.00000,1.00490,1.00000,1.07359,1.00000,1.00000,1.00000,.99894
pref_sf_96_cbb_mc2k_16,1.00084,.99964,.99999,.99270,1.00006,1.00034,1.00024,.99833,1.00084,.99954,1.00056,1.00011,1.00031,.99996,.99995,1.00137,1.00014,1.00050,1.00000,.99999,.99762,.99623,.99876,.99999,1.00000,1.00000,1.00000,1.00000,1.00000,1.00000,1.00000,1.00000,1.00000,1.00000,1.00000,1.00000,1.00000,1.00000,1.00000,1.00000,1.00000,1.00000,1.00000,1.00001,1.00000,1.00000,1.00000,1.02873,1.00000,1.00566,1.00000,1.00000,1.00490,1.00000,1.07359,1.00000,1.00000,1.00000,.99893
pref_sf_96_cbb_mc2k_32,.99989,.99962,.99999,.99900,1.00006,1.00040,1.00017,.99809,1.00310,.99947,1.00057,1.00040,1.00035,.99996,.99995,1.00143,1.00023,1.00050,1.00000,.99999,.99745,.99611,.99998,.99999,1.00000,1.00000,1.00000,1.00000,1.00000,1.00000,1.00000,1.00000,1.00000,1.00000,1.00000,1.00000,1.00000,1.00000,1.00000,1.00000,1.00000,1.00000,1.00000,1.00001,1.00000,1.00000,1.00000,1.02873,1.00000,1.00566,1.00000,1.00000,1.14616,1.00000,1.07359,1.00000,1.00000,1.00000,.99892
pref_sf_96_cbb_mc2k_4,.99905,.99949,.99999,.99191,1.00006,.99994,1.00007,.99833,1.00029,.99945,1.00016,.99995,.99996,.99987,.99987,1.00055,1.00076,1.00020,1.00000,.99999,.99736,.99607,.99758,.99999,1.00000,1.00000,1.00000,1.00000,1.00000,1.00000,1.00000,1.00000,1.00000,1.00000,1.00000,1.00000,1.00000,1.00000,1.00000,1.00000,1.00000,1.00000,1.00000,.99996,1.00000,1.00000,1.00000,1.02659,1.00000,1.00364,1.00000,1.00000,.99737,1.00000,1.08757,1.00000,1.00000,1.00000,.99913
pref_sf_96_cbb_mc2k_64,.99977,.99962,.99999,.99178,1.00006,1.00037,1.00017,.99791,1.00045,.99947,1.00101,1.00004,1.00033,.99995,.99995,1.00143,1.00365,1.00050,1.00000,.99999,.95936,.96094,.99385,.99999,1.00000,1.00000,1.00000,1.00000,1.00000,1.00000,1.00000,1.00000,1.00000,1.00000,1.00000,1.00000,1.00000,1.00000,1.00000,1.00000,1.00000,1.00000,1.00000,1.00001,1.00000,1.00000,1.00000,1.02873,1.00000,1.00566,1.00000,1.00000,1.00426,1.00000,1.07359,1.00000,1.00000,1.00000,.99892
pref_sf_96_cbb_mc2k_8,1.01878,.99962,.99999,.99464,1.00084,1.00035,1.00013,.99829,1.00044,.99946,1.00030,1.00002,1.00031,.99996,.99995,1.00078,1.00155,1.00050,1.00000,.99999,.99764,.99634,.99912,1.00000,1.00000,1.00000,1.00000,1.00000,1.00000,1.00000,1.00000,1.00000,1.00000,1.00000,1.00000,1.00000,1.00000,1.00000,1.00000,1.00000,1.00000,1.00000,1.00000,1.00001,1.00000,1.00000,1.00000,1.10919,1.00000,1.00446,1.00000,1.00000,1.04496,1.00000,1.07359,1.00000,1.00000,1.00000,.99901
pref_sf_96_cbb_mc2k_ideal,.99977,.99962,.99999,.99178,1.00006,1.00037,1.00017,.99791,1.00045,.99947,1.00101,1.00004,1.00033,.99995,.99995,1.00143,1.00365,1.00050,1.00000,.99999,.95936,.96094,.99385,.99999,1.00000,1.00000,1.00000,1.00000,1.00000,1.00000,1.00000,1.00000,1.00000,1.00000,1.00000,1.00000,1.00000,1.00000,1.00000,1.00000,1.00000,1.00000,1.00000,1.00001,1.00000,1.00000,1.00000,1.02873,1.00000,1.00566,1.00000,1.00000,1.00426,1.00000,1.07359,1.00000,1.00000,1.00000,.99892
pref_sf_96_cbb_mc4k_16,1.00084,.99963,.99999,1.00542,1.00006,1.00034,1.00036,.99833,1.00087,.99954,1.00080,1.00011,1.00031,.99996,.99995,1.00137,1.00014,1.00050,1.00000,.99999,.99762,.99623,.99876,.99999,1.00000,1.00000,1.00000,1.00000,1.00000,1.00000,1.00000,1.00000,1.00000,1.00000,1.00000,1.00000,1.00000,1.00000,1.00000,1.00000,1.00000,1.00000,1.00000,1.00001,1.00000,1.00000,1.00000,1.02873,1.00000,1.00566,1.00000,1.00000,1.00490,1.00000,1.07359,1.00000,1.00000,1.00000,.99893
pref_sf_96_cbb_mc4k_32,1.00148,.99948,.99999,1.00008,1.00006,1.00050,1.00082,.99809,1.00321,.99947,1.00077,1.00040,1.00043,.99994,.99993,1.00143,1.00023,1.00050,1.00000,.99999,.99745,.99611,.99998,.99999,1.00000,1.00000,1.00000,1.00000,1.00000,1.00000,1.00000,1.00000,1.00000,1.00000,1.00000,1.00000,1.00000,1.00000,1.00000,1.00000,1.00000,1.00000,1.00000,1.00001,1.00000,1.00000,1.00000,1.02873,1.00000,1.00566,1.00000,1.00000,1.14616,1.00000,1.07359,1.00000,1.00000,1.00000,.99870
pref_sf_96_cbb_mc4k_4,.99905,.99949,.99999,.99191,1.00006,.99994,1.00007,.99833,1.00029,.99945,1.00017,.99995,.99996,.99987,.99987,1.00055,1.00076,1.00020,1.00000,.99999,.99736,.99607,.99758,.99999,1.00000,1.00000,1.00000,1.00000,1.00000,1.00000,1.00000,1.00000,1.00000,1.00000,1.00000,1.00000,1.00000,1.00000,1.00000,1.00000,1.00000,1.00000,1.00000,.99996,1.00000,1.00000,1.00000,1.02659,1.00000,1.00364,1.00000,1.00000,.99737,1.00000,1.08757,1.00000,1.00000,1.00000,.99913
pref_sf_96_cbb_mc4k_64,1.00020,.99929,.99999,.99346,1.00007,.99984,1.00024,.99792,1.00033,.99945,1.00066,1.00004,1.00042,1.00002,.99990,1.00160,1.00015,1.00050,1.00000,.99998,.99934,.99778,1.00001,1.00000,1.00000,1.00000,1.00000,1.00000,1.00000,1.00000,1.00000,1.00000,1.00000,1.00000,1.00000,1.00000,1.00000,1.00000,1.00000,1.00000,1.00000,1.00000,1.00000,1.00003,1.00000,1.00000,1.00000,1.02873,1.00000,1.00566,1.00000,1.00000,1.00430,1.00000,1.07359,1.00000,1.00000,1.00000,.99851
pref_sf_96_cbb_mc4k_8,1.01878,.99962,.99999,.99464,1.00084,1.00035,1.00017,.99829,1.00044,.99946,1.00040,1.00002,1.00031,.99996,.99995,1.00078,1.00155,1.00050,1.00000,.99999,.99764,.99634,.99912,1.00000,1.00000,1.00000,1.00000,1.00000,1.00000,1.00000,1.00000,1.00000,1.00000,1.00000,1.00000,1.00000,1.00000,1.00000,1.00000,1.00000,1.00000,1.00000,1.00000,1.00001,1.00000,1.00000,1.00000,1.10919,1.00000,1.00446,1.00000,1.00000,1.04496,1.00000,1.07359,1.00000,1.00000,1.00000,.99901
pref_sf_96_cbb_mc4k_ideal,1.00019,.99919,.99999,.99346,1.00007,.99956,1.00024,.99784,1.00033,.99945,1.00066,1.00004,1.00027,1.00002,.99990,1.00165,1.00014,1.00050,1.00000,.99998,.99933,.99766,1.00001,.99996,1.00000,1.00000,1.00000,1.00000,1.00000,1.00000,1.00000,1.00000,1.00000,1.00000,1.00000,1.00000,1.00000,1.00000,1.00000,1.00000,1.00000,1.00000,1.00000,1.00002,1.00000,1.00000,1.00000,1.02873,1.00000,1.00566,1.00000,1.00000,1.00430,1.00000,1.07359,1.00000,1.00000,1.00000,.99851
pref_sf_96_cbb_mc8k_16,1.00084,.99963,.99999,1.00542,1.00006,1.00034,1.00036,.99833,1.00087,.99954,1.00080,1.00011,1.00031,.99996,.99995,1.00137,1.00014,1.00050,1.00000,.99999,.99762,.99623,.99876,.99999,1.00000,1.00000,1.00000,1.00000,1.00000,1.00000,1.00000,1.00000,1.00000,1.00000,1.00000,1.00000,1.00000,1.00000,1.00000,1.00000,1.00000,1.00000,1.00000,1.00001,1.00000,1.00000,1.00000,1.02873,1.00000,1.00566,1.00000,1.00000,1.00490,1.00000,1.07359,1.00000,1.00000,1.00000,.99893
pref_sf_96_cbb_mc8k_32,1.00148,.99948,.99999,1.00008,1.00006,1.00050,1.00082,.99809,1.00321,.99945,1.00077,1.00042,1.00040,.99994,.99993,1.00143,1.00023,1.00050,1.00000,.99999,.99745,.99611,.99998,.99999,1.00000,1.00000,1.00000,1.00000,1.00000,1.00000,1.00000,1.00000,1.00000,1.00000,1.00000,1.00000,1.00000,1.00000,1.00000,1.00000,1.00000,1.00000,1.00000,1.00001,1.00000,1.00000,1.00000,1.02873,1.00000,1.00566,1.00000,1.00000,1.14616,1.00000,1.07359,1.00000,1.00000,1.00000,.99870
pref_sf_96_cbb_mc8k_4,.99905,.99949,.99999,.99191,1.00006,.99994,1.00007,.99833,1.00029,.99945,1.00017,.99995,.99996,.99987,.99987,1.00055,1.00076,1.00020,1.00000,.99999,.99736,.99607,.99758,.99999,1.00000,1.00000,1.00000,1.00000,1.00000,1.00000,1.00000,1.00000,1.00000,1.00000,1.00000,1.00000,1.00000,1.00000,1.00000,1.00000,1.00000,1.00000,1.00000,.99996,1.00000,1.00000,1.00000,1.02659,1.00000,1.00364,1.00000,1.00000,.99737,1.00000,1.08757,1.00000,1.00000,1.00000,.99913
pref_sf_96_cbb_mc8k_64,1.00052,.99961,.99999,.99402,1.00007,1.00079,1.00067,.99792,1.00442,.99945,1.00880,1.00004,1.00089,.99998,.99995,1.00160,1.00015,1.00050,1.00000,.99998,.99934,.99778,1.00001,1.00000,1.00000,1.00000,1.00000,1.00000,1.00000,1.00000,1.00000,1.00000,1.00000,1.00000,1.00000,1.00000,1.00000,1.00000,1.00000,1.00000,1.00000,1.00000,1.00000,1.00003,1.00000,1.00000,1.00000,1.02873,1.00000,1.00566,1.00000,1.00000,1.00430,1.00000,1.07359,1.00000,1.00000,1.00000,.99851
pref_sf_96_cbb_mc8k_8,1.01878,.99962,.99999,.99464,1.00084,1.00035,1.00017,.99829,1.00044,.99946,1.00040,1.00002,1.00031,.99996,.99995,1.00078,1.00155,1.00050,1.00000,.99999,.99764,.99634,.99912,1.00000,1.00000,1.00000,1.00000,1.00000,1.00000,1.00000,1.00000,1.00000,1.00000,1.00000,1.00000,1.00000,1.00000,1.00000,1.00000,1.00000,1.00000,1.00000,1.00000,1.00001,1.00000,1.00000,1.00000,1.10919,1.00000,1.00446,1.00000,1.00000,1.04496,1.00000,1.07359,1.00000,1.00000,1.00000,.99901
pref_sf_96_cbb_mc8k_ideal,1.00036,.99925,.99997,.99342,1.00007,1.00038,1.00016,.99782,1.00018,.99945,1.00036,1.00004,1.00028,1.00014,1.00013,1.00175,1.00159,1.00050,1.00000,.99681,1.00262,.99997,.99999,.99991,1.00000,1.00000,1.00000,1.00000,1.00000,1.00000,1.00000,1.00000,1.00000,1.00000,1.00000,1.00000,1.00000,1.00000,1.00000,1.00000,1.00000,1.00000,1.00000,1.00001,1.00000,1.00000,1.00000,1.02873,1.00000,1.00566,1.00000,1.00000,1.00430,1.00000,1.07359,1.00000,1.00000,1.00000,.99851
